Company_ID,Company_Name,Year_Founded,Employees,Annual_Revenue,Market_Share,Product_Lines,R&D_Spending,Adoption_Rate_AI,Adoption_Rate_Cloud,Adoption_Rate_Blockchain,CEO_Tenure_Years
115525,Mora-Kim,2002,2168,112153043.23,11.15,Hardware,16874822.81,51.54,63.1,39.65,11
779751,Myers and Sons,2001,1199,148423734.3,47.93,Hardware,32905733.95,57.78,28.83,95.42,7
161950,"Barker, Sims and Walker",2008,158,760993986.54,46.69,Networking,45386922.83,73.96,22.23,12.42,19
426522,Castro-Simon,1985,2826,795832009.18,47.05,Services,37711635.48,13.65,21.07,22.27,4
688832,"Hughes, Mills and Stout",2011,3238,706386175.26,23.07,Software,10117516.57,84.11,71.37,41.71,5
658452,Lee Ltd,2005,2786,44935200.78,36.72,Software,1308217.06,16.75,4.2,73.39,5
398886,Martin-Barton,1986,4776,135120052.09,38.02,Software,11535421.15,52.72,23.1,16.23,20
263362,"Simon, Martin and Barber",1997,2444,384073953.66,43.54,Consulting,32258576.91,98.47,15.47,24.56,24
851708,Montgomery Ltd,2008,1779,620161338.47,15.19,Networking,15793134.96,99.53,31.86,89.24,5
977735,"Bass, Bell and Camacho",2001,3006,240995664.9,11.67,Software,10385978.42,4.95,32.48,58.77,16
883408,Hoffman-Williams,1981,2356,980485171.64,18.91,Services,7618229.01,67.11,54.01,5.67,20
645184,Stone-Moreno,1996,3115,34815634.91,41.88,Hardware,30081615.41,82.5,71.75,78.93,9
842065,"Stone, Lee and Boyd",2011,2654,95018707.2,44.18,Consulting,49252603.57,50.33,72.37,55.0,4
681461,"Lewis, Hill and Fernandez",1994,3634,805522340.32,3.87,Hardware,20962032.77,1.97,80.49,85.24,14
673702,Manning-Johnson,2006,4092,892184572.78,48.99,Hardware,39471193.81,98.26,12.04,99.14,7
336464,Lowery LLC,1986,1215,999824612.72,4.45,Software,3312071.93,80.51,78.0,60.29,4
424456,Moore PLC,2011,4529,246642588.85,3.11,Software,3723526.77,72.03,98.38,10.23,18
752036,"Swanson, Harris and Ward",1993,2558,551464336.65,32.16,Networking,22287775.23,10.57,1.81,7.36,15
382658,King PLC,1994,134,326904293.28,48.44,Services,49751951.8,58.49,34.74,37.91,11
771525,Gates PLC,2008,3897,861296147.16,21.82,Software,13296769.3,55.29,82.3,0.25,13
537212,Davis-Joseph,1986,1413,670785445.35,29.62,Networking,47458690.16,27.35,52.31,48.77,6
127805,Caldwell and Sons,2019,4332,608713218.2,16.47,Services,12776845.51,75.84,93.19,71.57,17
777168,Meyer Group,1998,1211,693014885.26,44.68,Networking,24130958.44,66.01,23.67,6.23,14
531345,Davis PLC,1983,3741,886965599.68,39.25,Hardware,24412920.35,38.56,74.6,92.73,9
926307,Callahan-King,2010,2312,976844739.68,20.27,Networking,14402421.1,9.46,57.57,15.09,6
911498,Thompson Inc,2008,4850,239868608.45,30.06,Software,24960197.57,75.7,59.64,20.43,5
982940,Garcia Inc,2016,4710,659834002.04,12.42,Services,28987172.49,50.02,11.01,70.51,5
210963,Smith-Copeland,1985,3543,138194554.04,40.48,Hardware,23541175.1,30.32,52.21,56.38,2
783173,Cook-Williams,2015,4342,507315628.29,47.15,Software,28222512.09,53.4,50.13,49.26,16
185368,"Stone, Turner and Taylor",2014,2124,334288997.15,6.43,Software,20098183.55,93.25,33.56,26.5,6
470578,Bentley-Potter,2003,4066,705620589.61,38.67,Services,14102341.92,46.83,98.36,78.09,26
407634,"Hayes, Villarreal and Lopez",2019,3155,321890491.33,9.89,Software,48669878.26,74.13,7.56,61.93,5
694842,Lynch PLC,2013,3607,144952641.17,44.14,Consulting,20123281.69,43.47,98.13,26.67,29
350112,Smith-Roy,2010,3369,127845027.9,7.82,Networking,20511374.7,65.29,59.98,34.35,25
275499,Baxter and Sons,1985,3007,597891870.09,1.93,Networking,6510914.81,51.07,51.88,75.51,13
441145,Brewer Group,1994,2909,713023059.0,47.41,Hardware,25538075.54,39.15,10.89,93.48,3
275102,Allen-Carroll,1982,3779,526332021.71,45.89,Hardware,27639100.83,64.68,50.7,27.22,16
506281,"Green, Carr and Duarte",2000,2604,738318808.35,27.81,Services,23604736.39,33.88,19.89,71.14,22
592950,Price LLC,2005,762,12455635.99,44.11,Hardware,48273096.89,16.92,98.36,10.98,11
520969,Willis-Wagner,2016,2201,397320829.95,21.13,Software,41783414.59,58.17,30.17,58.84,17
880720,Stone-Myers,2019,3583,542759574.71,22.57,Hardware,42100035.1,71.43,18.54,92.5,9
821095,Glenn PLC,2016,370,267533763.26,20.1,Hardware,26707998.52,27.9,51.1,38.16,26
537775,"Moyer, Howe and Phillips",1994,4270,235300784.71,23.09,Hardware,29840273.83,10.89,50.38,73.69,1
894748,"Taylor, Warren and Boyer",2000,2042,539368674.06,3.33,Consulting,24220232.16,56.88,94.31,94.98,28
156124,"Guerrero, Frye and Martin",1995,3226,541065659.38,46.04,Software,13218407.63,77.43,10.22,70.12,6
540451,Wright-Brewer,2010,2771,81481685.37,16.11,Networking,20730609.55,81.33,17.55,1.59,21
131173,"Gallegos, Barnett and Barr",2007,2675,659591850.28,23.06,Consulting,42410720.35,99.52,85.26,11.98,3
103453,House-Hardy,1993,788,962820234.6,21.86,Networking,45240619.7,63.76,91.9,63.91,26
996492,Glenn-Rasmussen,2014,897,958391421.48,23.17,Networking,32397840.84,26.43,53.12,64.5,27
732808,"Jones, Hayes and Hinton",2001,2235,985271093.06,15.27,Consulting,13126792.02,37.68,69.98,9.36,27
481915,"Bailey, Smith and Kane",1984,3516,800771357.26,31.19,Software,22301352.97,87.68,80.35,7.68,17
962968,Brown-Chase,2017,55,148854755.54,41.81,Hardware,35051208.01,67.4,12.17,37.26,24
789892,Jones Ltd,1980,2364,558924356.7,12.14,Hardware,49472413.55,3.91,27.65,57.59,15
622664,Davis-Kelley,2013,2363,851346115.48,33.9,Services,25722054.1,78.03,99.05,25.66,17
167806,Johnston-Snow,1996,1631,979636399.84,48.78,Software,31472590.61,7.59,50.84,62.12,26
889889,Richardson-Fletcher,2002,3527,30340829.17,30.03,Networking,45009156.38,12.88,37.37,53.57,29
356537,"Hicks, Anderson and Reid",1994,3049,633856742.68,41.98,Software,33223633.25,65.73,52.47,52.68,6
852109,Snyder PLC,2009,4364,372509421.12,7.53,Services,15782017.85,19.82,76.52,2.35,15
269412,Gonzalez Group,2013,2757,534761962.08,10.25,Consulting,42281316.53,71.24,38.91,59.61,9
500084,Barry-Pierce,1985,3689,205541116.18,36.12,Networking,34650816.99,16.71,32.17,8.79,22
960788,Harris and Sons,2016,1897,726698053.61,33.08,Hardware,20720264.3,71.65,77.0,24.96,13
335607,"Shah, Simmons and Williams",1990,1064,160947536.46,26.63,Consulting,23538678.84,0.02,12.65,51.56,4
821830,"Chandler, Lee and Christensen",2011,921,958637528.17,10.49,Consulting,28144907.48,20.93,87.72,46.04,14
724709,Lopez-Rodriguez,1995,1991,726675580.22,39.53,Services,31217778.87,41.96,13.14,43.63,28
914389,"Barnett, Cortez and Martin",1982,701,555968547.77,12.19,Hardware,48293872.2,91.33,87.72,88.7,10
338490,"Lee, Farmer and Bennett",2001,3056,325785618.35,35.48,Software,12124382.74,27.27,33.73,11.28,11
424215,Stewart-Price,1998,1118,726980114.4,4.27,Hardware,2590507.58,4.04,55.39,10.41,13
647648,"Murphy, Sanchez and Porter",2001,788,12732368.3,48.6,Networking,47371578.23,51.62,69.89,3.53,14
549602,Mckinney-Miller,1985,1571,738717526.74,33.89,Hardware,18207912.96,51.92,94.59,68.76,11
394588,Caldwell Group,1999,3522,269874223.66,31.49,Consulting,38725369.24,89.03,19.37,1.28,13
594122,"White, Key and Jenkins",2011,534,682222510.33,47.87,Services,28553036.82,11.77,80.34,12.75,20
530232,Kidd Inc,2019,533,611609276.41,38.78,Consulting,11430527.06,87.21,63.87,79.86,7
638401,Hernandez and Sons,2001,4435,674339331.62,1.39,Hardware,1927205.39,15.71,55.02,25.1,28
714924,"Smith, Hicks and Ellis",1996,1320,435465619.05,26.46,Hardware,32643422.55,18.0,57.03,38.94,29
863441,"Robertson, Stone and Howell",2006,2042,80858583.1,6.91,Networking,23509968.92,76.41,65.02,6.21,18
372264,Garza-Kirk,2005,2339,553769833.4,22.97,Consulting,23919804.35,72.52,51.8,58.26,16
640820,Wright Ltd,1990,2489,183506516.23,11.76,Software,30728921.78,45.72,15.62,45.76,7
601747,"Martinez, Romero and Elliott",1997,510,277698295.92,30.68,Services,23483291.88,99.91,11.03,11.74,13
439883,Delgado-Banks,2007,4299,468617061.23,26.99,Networking,38085042.08,84.9,53.04,67.04,24
734614,Gutierrez-Cole,2000,1437,20729064.05,14.38,Consulting,3186264.51,61.55,45.64,36.5,3
843469,Sanchez PLC,1993,475,704571042.87,39.51,Hardware,12691790.2,46.82,62.59,58.54,5
762373,Brown-Moore,2002,2129,250193165.6,38.68,Hardware,2589499.07,45.38,81.19,31.36,20
928596,Miller Ltd,2019,4574,256055110.71,7.16,Consulting,3166263.81,86.35,97.65,85.52,5
715152,"Kennedy, Walter and Nash",1983,2663,504876141.67,18.45,Hardware,15590942.28,95.25,85.0,65.62,13
141050,Kelly-Nelson,2010,1583,882464377.39,3.23,Hardware,3036460.48,19.44,8.36,9.01,19
902157,Bailey and Sons,1997,2668,423333952.94,35.23,Networking,42085965.67,89.16,97.99,24.85,13
939252,Taylor-Cooper,1990,3289,578172872.06,15.22,Networking,11876793.05,84.55,10.72,30.24,15
998611,"Rios, Robinson and Hammond",2010,4028,863331718.86,12.83,Networking,26355661.35,90.19,60.72,23.9,6
212142,Dickerson and Sons,1993,2414,821038823.89,19.86,Networking,45249533.77,28.53,39.12,58.91,24
974197,Davis PLC,2014,4423,843009318.49,38.99,Consulting,2728882.89,79.25,34.64,58.11,10
103962,Medina PLC,1998,139,688609061.61,12.63,Hardware,39156462.75,13.06,81.25,82.54,4
715098,Booker-Serrano,2008,2292,425616256.18,30.42,Services,48457673.98,76.89,62.18,72.4,14
678003,"Johnson, Frye and Hall",2005,4921,709060927.85,42.27,Software,7885427.06,84.82,68.45,80.85,8
137235,"Bean, Moss and Stevens",1983,493,16389091.21,3.71,Hardware,46213720.42,80.51,97.95,54.77,4
347626,Young-Jackson,2018,647,886945721.55,18.78,Networking,23438188.66,52.99,1.95,0.61,25
145115,"Williams, Ferguson and Rodriguez",1996,804,400717961.14,8.99,Hardware,19092295.99,85.17,78.09,6.88,11
571247,Hernandez and Sons,1987,3320,681135098.41,5.57,Networking,43380157.11,64.33,11.6,70.39,17
268818,Garrett and Sons,1989,3244,239988505.55,11.17,Consulting,44562060.72,33.81,15.66,9.4,23
544514,Grant-Klein,1999,2867,370681329.48,34.09,Hardware,15585920.01,45.97,49.06,56.6,12
584888,Peterson-Cruz,2019,2116,756070174.89,42.46,Networking,31220677.35,0.81,58.7,25.93,27
777364,Allen-Lucas,2019,986,14529710.84,20.48,Networking,12049359.59,57.56,38.53,92.38,3
407000,Calhoun-Hansen,1984,2101,860266717.41,20.7,Services,31610177.73,29.02,91.88,32.42,12
193633,"Martin, Simmons and Stone",1993,3406,847781410.14,41.68,Networking,35916254.04,43.22,48.51,14.45,29
126588,Turner Ltd,1988,2764,160850487.33,12.13,Software,36579496.66,21.75,38.8,51.98,5
123835,Bush Inc,1994,1439,373950055.63,24.92,Networking,24554979.5,52.41,43.25,7.77,28
389927,"Bailey, Thompson and Martin",2007,2683,510366383.38,47.75,Networking,30831217.94,92.02,96.45,97.83,17
761545,Cox-Lowery,1984,2855,328245462.48,18.31,Software,37663121.53,33.13,42.79,74.33,21
145426,Stanton Ltd,2003,4378,857091804.84,23.18,Services,12404621.9,29.21,23.82,93.65,10
196538,Murillo LLC,2013,579,160815213.86,3.15,Consulting,4225990.12,12.61,22.18,45.16,23
131649,Lee Inc,1989,2738,628856721.06,27.93,Networking,11070579.28,96.11,66.54,33.11,18
550068,Hampton-Oneal,2007,1892,907642604.54,22.32,Consulting,15971578.7,39.63,12.72,79.75,24
499616,"Boyd, Powell and Kim",2011,2669,83808915.33,19.34,Networking,10817546.98,94.92,44.86,67.19,6
278023,Bradley-Medina,2012,1874,830293930.14,48.31,Consulting,13125697.52,90.92,62.71,77.01,8
601800,Palmer-Richards,2004,2309,119063787.73,2.38,Consulting,32564769.51,59.77,97.23,39.58,24
934838,"Carter, Johnson and Buchanan",2006,4845,357729868.87,23.54,Software,16137650.23,96.87,89.87,94.01,13
306627,Stevens LLC,1997,2234,778150439.13,40.46,Networking,2350655.61,66.69,12.39,78.35,15
639510,"Proctor, Scott and Marshall",1997,4675,245160734.76,40.34,Software,18746970.52,12.59,94.7,61.03,5
262187,Avila LLC,1989,2711,165861030.96,3.64,Software,37984442.66,59.34,84.56,15.86,8
222272,Mahoney Ltd,2008,3409,29907748.53,10.7,Hardware,21550836.58,77.53,58.2,8.19,22
693307,"Knox, Torres and Ochoa",2005,3729,480773418.35,34.11,Consulting,11248177.24,44.43,53.33,6.86,21
463030,Clark-Johnson,1995,1046,483129576.47,17.72,Software,15346698.95,11.18,29.62,70.48,17
323581,"Hogan, Dickson and Smith",2006,3240,786470055.69,14.9,Hardware,33884972.4,45.02,99.97,52.84,13
176534,"Murphy, Benton and Rios",1987,1864,761265689.3,27.78,Networking,35383241.32,82.84,7.11,2.3,11
908534,"Doyle, Rowland and Atkinson",1985,4603,784294212.31,30.41,Consulting,41476911.73,8.01,38.67,88.04,3
939266,King Inc,1990,2145,965240923.35,11.97,Software,20542987.09,36.03,26.36,13.89,21
318242,"Henderson, Jackson and Paul",1995,3202,481869120.21,45.67,Networking,30167136.82,74.16,9.54,56.02,26
871935,Miller LLC,2002,3753,695025410.88,20.62,Networking,9353620.36,72.01,55.73,19.98,11
154781,"Hardin, Smith and Ramos",1983,1501,711067246.04,20.89,Services,34527008.13,67.44,31.18,81.23,23
346354,"Gordon, Schroeder and Cain",2018,2789,755451825.26,3.56,Services,35382281.84,93.77,41.25,8.19,17
746202,Hill-Noble,1993,2273,653702734.96,4.82,Hardware,46056306.27,47.83,63.88,43.75,2
331956,Tyler-Booth,2004,483,357025208.74,26.67,Services,31394623.96,74.12,91.41,71.38,7
689293,Nichols-Green,1986,1575,839692311.74,0.67,Services,18505063.93,16.0,51.67,27.69,6
658576,Lopez-Garcia,2015,2340,825250064.72,49.5,Software,32545740.34,98.63,74.91,82.1,26
923345,Rogers-Lopez,1986,4811,354666619.4,31.7,Hardware,16778195.49,47.81,42.19,79.61,19
189187,Adkins-Miranda,1981,1879,511293113.5,43.4,Services,30874011.23,65.1,40.73,6.03,25
744737,"Weaver, Parker and Schroeder",1982,3419,680358065.02,22.85,Consulting,32693451.11,30.41,41.73,75.48,20
556337,Giles-Williams,1997,3031,9746752.56,27.58,Consulting,11232770.51,76.44,35.67,1.25,2
902023,Phillips-Williams,2000,2583,783730846.75,39.85,Hardware,8382962.05,95.96,37.6,79.27,10
477414,Wallace-Kim,1987,782,454324028.51,20.08,Consulting,23157024.73,95.1,56.37,78.56,7
350108,Carlson-Rosales,2012,4624,184799361.81,41.75,Services,40894228.36,64.4,86.74,81.37,2
205050,Harris Ltd,1991,4516,450194364.72,1.09,Hardware,33904201.22,36.13,17.1,31.93,27
773387,Lewis LLC,2006,3439,829993210.53,48.27,Hardware,31961146.53,58.14,78.47,10.58,2
258112,"Wood, Grant and Andrews",1980,3213,441451604.38,14.44,Software,7165470.37,60.46,84.18,11.78,27
506407,Brown-Harris,1994,3581,770106597.44,43.9,Software,14047904.23,61.95,8.02,29.47,9
416610,Kidd-Woods,2007,1615,650990567.98,3.62,Software,13442275.56,95.56,99.04,94.66,3
205970,Hayden-Walker,2001,4616,796286906.55,36.55,Networking,17191752.47,41.1,43.9,39.42,12
780181,Watson-Dominguez,1984,2406,491767288.64,20.98,Consulting,48411181.43,95.56,31.44,91.48,18
699496,"Nguyen, Myers and Bradford",2018,795,161110435.8,0.65,Services,17489081.37,96.33,52.12,40.52,13
688224,Beltran-Mendez,1980,267,491736486.78,35.82,Hardware,15493971.49,58.23,71.69,67.57,23
714507,Howard-Myers,2011,3231,881402234.08,6.21,Consulting,27149852.78,62.23,38.59,51.41,29
805240,Hubbard LLC,2006,3747,627776585.56,46.32,Networking,633523.61,66.83,54.7,96.92,5
524159,"Coleman, Stewart and Solomon",1989,4509,366701628.63,2.43,Hardware,4178264.89,12.46,91.4,1.64,19
622352,"Higgins, Baldwin and Santana",2000,3197,357913224.37,47.02,Services,23633813.96,43.92,60.74,72.41,11
335790,"Miller, Dixon and Braun",2014,112,279120271.22,32.15,Networking,8126520.99,36.36,38.1,52.67,27
398188,"Green, Fletcher and Snow",1996,1600,924098620.51,4.27,Consulting,14051247.64,92.94,81.18,65.54,9
890447,Horton and Sons,1988,3245,68974771.43,31.98,Hardware,4614750.21,12.88,33.44,48.03,7
648414,Ball-Kaiser,2015,1828,202841419.8,26.8,Software,29835293.78,51.13,93.3,86.67,16
188870,Santiago-Perez,2018,4069,952525905.24,15.9,Software,25162950.8,10.88,81.55,54.71,13
175722,Davis-Petty,1983,3052,322068363.47,25.49,Consulting,36813223.46,83.79,28.04,85.81,3
246679,Woods PLC,2019,2659,830055158.59,41.12,Services,8491752.9,27.55,91.66,46.72,7
394803,Franklin PLC,2013,1875,833799206.82,41.77,Consulting,15296032.95,76.51,19.2,49.59,2
384361,"Noble, Garcia and Clark",1999,2873,69372109.45,23.75,Networking,5448720.84,63.93,22.71,76.37,15
406536,"Leblanc, Ross and Ward",1998,1629,802685917.82,13.52,Software,4170449.21,86.73,45.97,99.95,22
816769,Lee-Evans,2012,1721,198593843.74,14.94,Software,45327766.12,37.43,45.35,44.66,10
541762,Bowman PLC,2004,3442,987331982.39,31.67,Networking,13394531.39,77.89,2.53,19.02,26
779968,Sherman-Herring,1996,281,425667188.72,33.71,Consulting,27608554.25,62.06,96.56,81.24,28
246137,Cruz-Holland,1989,1951,445621040.45,37.49,Hardware,24238439.63,88.97,34.88,68.72,27
964127,Ford-Wise,1987,4440,226461305.2,19.51,Services,38080459.05,1.23,37.55,25.7,18
672856,Lopez-Wallace,1996,539,414141404.69,34.42,Services,39789980.12,72.23,62.32,11.35,15
192321,"Stone, Neal and Levy",1998,3109,79563489.57,25.13,Networking,10888875.19,46.29,85.36,20.12,12
538682,Boyd LLC,2009,1085,754065932.95,31.65,Consulting,6954565.04,38.32,91.67,37.51,23
100480,"Rogers, Mcmahon and Morris",1982,1637,609830750.21,42.79,Consulting,19964787.33,95.37,67.23,74.19,28
750665,"Robertson, Duncan and Wilson",1984,4607,307550141.51,0.41,Services,44314926.83,12.8,72.23,95.77,27
340152,Miller and Sons,2006,1305,733519698.7,34.69,Software,27924670.41,32.1,98.39,76.06,10
167533,Washington-Johnson,1994,2477,159243869.15,4.45,Services,26681059.19,42.59,94.41,49.57,24
686011,Dixon-Sullivan,2012,491,929398183.62,38.81,Services,20342919.74,93.11,11.61,40.17,2
792349,Marsh Inc,1997,1892,902040542.61,34.23,Consulting,30014359.38,42.17,71.88,52.77,21
581028,"Moore, Smith and Cardenas",1981,4452,284989054.21,0.62,Consulting,16093786.94,9.27,77.77,2.36,6
896895,Brown-Peterson,1995,1392,308048851.5,15.6,Software,2241859.0,24.21,37.5,81.95,13
905895,Sullivan LLC,1992,1341,872131774.51,0.83,Consulting,48810209.87,8.96,11.26,59.52,1
112297,Taylor PLC,2007,457,148805431.05,15.45,Services,15219463.42,41.52,26.44,10.47,9
789705,Bender PLC,1999,3069,989846736.76,32.65,Consulting,40196741.56,48.39,37.09,45.26,15
360122,Ford PLC,2009,4238,923531614.4,23.33,Consulting,31131213.12,69.96,83.41,82.25,8
717044,Harper-Hess,2010,4154,862123940.17,20.51,Services,13645188.1,47.92,69.44,18.74,1
370953,"Richardson, Oliver and Romero",1998,3167,851107886.73,36.55,Networking,10330346.8,0.0,55.58,14.17,12
666736,"Walters, Miller and Spears",1987,3017,788924345.62,20.99,Consulting,14737886.9,62.69,24.3,74.01,14
692748,Cummings Ltd,2010,1156,568574443.73,39.35,Software,31120217.51,5.83,58.19,31.29,18
692949,"Cole, Hayes and Martin",1980,2324,675520022.59,47.94,Consulting,18093932.39,83.92,24.56,43.58,10
199013,"Waters, Santana and Elliott",1983,3480,589517607.49,36.16,Networking,32494367.1,91.93,29.26,44.32,9
785841,"Adams, Edwards and Hunt",1986,367,145296730.02,23.42,Hardware,19579347.94,74.29,42.49,77.09,29
786950,Johnson PLC,1990,3448,973315026.96,11.75,Networking,17680610.06,16.02,42.62,36.5,17
845760,Allison-Long,2007,3836,159921622.18,38.64,Consulting,35167643.16,24.04,8.76,12.18,14
402960,"Peterson, Clark and Thomas",2010,2059,283767292.94,9.59,Services,2660209.56,42.99,15.73,15.84,19
720096,"Morris, Salazar and Flores",2002,671,144741375.4,25.35,Consulting,33346767.36,2.13,19.19,17.02,15
427511,"Stevens, Greene and Atkins",1982,4500,525842876.74,9.91,Services,25631369.88,59.06,66.59,38.44,10
970481,Chung-Torres,1995,1484,943068659.93,44.03,Hardware,15743852.27,28.61,98.26,23.12,9
456595,Johns PLC,1982,480,838489388.94,0.14,Software,9331572.61,33.91,97.93,93.86,16
626739,"Gordon, Petty and Stone",2005,3457,385790458.42,16.8,Networking,30791628.56,44.23,28.91,48.13,15
696497,Cook-Sutton,1981,2447,13725336.92,24.43,Consulting,39927573.48,51.68,72.27,16.31,28
759342,Reyes PLC,1989,2619,796297921.32,7.85,Networking,17622464.88,73.16,2.72,4.44,18
853892,Moore-Lloyd,1989,2458,768279428.69,40.02,Software,42759423.24,18.29,77.26,72.27,9
969626,Hodge Inc,2011,3634,34796853.84,42.06,Networking,43278764.62,98.04,67.42,14.18,1
198225,Johnson-Klein,2011,1823,455609252.42,2.5,Software,25803220.15,42.74,50.72,9.81,11
693454,"Frazier, Shea and Schultz",2018,4003,442655481.57,47.65,Services,42759660.65,59.04,48.68,1.92,1
576889,Sherman Ltd,1983,3466,559453864.55,6.85,Software,22864753.99,27.77,49.05,46.6,21
596652,Foster-Robinson,1983,4341,441021068.89,47.19,Networking,37845758.54,16.09,82.91,69.7,24
492340,Gray-Jordan,2001,3729,684920916.62,20.75,Hardware,11546940.38,58.25,72.99,77.74,3
813711,Schmidt PLC,2003,2728,583263791.19,37.99,Hardware,1375872.84,64.89,86.48,19.46,10
738469,Blackwell and Sons,1992,2482,649635903.71,36.22,Hardware,46951778.47,79.92,8.38,68.49,15
284526,Morris-Yang,1988,2017,50435833.17,3.17,Networking,7404300.22,83.2,73.79,54.9,7
288999,Griffin-Collins,2005,4442,656102956.38,44.31,Services,19595619.26,40.46,95.95,87.49,24
251230,Meadows-Montoya,2018,1214,921472026.34,10.14,Services,44391553.01,11.04,87.8,83.8,9
808017,Freeman PLC,1991,796,584655151.25,3.76,Services,41833200.12,22.46,54.38,44.55,8
987569,"Thomas, Castillo and Charles",1999,297,85594887.63,21.15,Networking,31365190.79,96.16,27.94,73.85,12
108541,"Reyes, Ward and Scott",1989,597,661098066.39,12.26,Software,34251110.32,63.46,31.48,48.95,3
483642,"Ortiz, Sanford and Martinez",1998,2318,244721613.22,29.1,Hardware,15481387.94,30.27,38.07,45.32,15
575379,"Ramirez, Diaz and Ortega",2002,2461,762183167.98,21.99,Consulting,26040714.96,59.8,55.55,19.63,21
221315,"Moon, Gilmore and Harris",1988,1096,651112415.09,2.62,Networking,32573935.57,92.91,39.81,87.81,29
273156,Nelson LLC,2014,191,78776686.98,40.48,Software,26078804.09,44.04,90.2,96.69,19
710413,Simpson-Thompson,2017,2968,27564977.46,15.01,Hardware,15355383.22,67.48,26.89,58.77,6
260780,"Gonzalez, Hernandez and Banks",2019,1408,25002278.63,36.43,Hardware,10189145.49,98.46,82.76,51.76,21
287847,Johnson-Davis,2016,198,667626446.12,17.26,Services,25590630.95,21.54,31.63,27.51,2
468144,Taylor-Guerra,1992,1008,356831477.3,5.06,Consulting,13925193.5,73.14,55.58,56.07,15
399386,"Davis, Jones and Alvarado",2002,1312,26894922.71,35.38,Hardware,22800184.37,73.84,93.46,8.91,20
169443,"Francis, Johns and Larson",2016,1619,321575058.68,36.15,Networking,5420659.06,77.88,44.19,80.41,11
964670,Clark-Roach,1982,3353,540879179.39,36.72,Consulting,28277967.31,67.72,45.31,27.23,19
137836,Johnson-Lopez,2010,3913,137710662.01,32.34,Services,32629601.57,7.91,25.38,40.33,3
830317,Crawford-Leonard,1998,2128,457435393.09,10.2,Consulting,9598388.2,98.21,98.91,14.72,7
450103,"Park, Macdonald and Silva",1994,4645,409671308.74,19.12,Hardware,49330622.89,92.98,29.71,76.35,8
563547,Henderson PLC,1982,2559,753562271.42,12.43,Services,16155013.33,51.73,57.38,45.49,8
256033,Myers PLC,1988,4631,301901416.3,27.18,Software,5599097.71,53.44,19.06,34.07,20
717659,Rodriguez LLC,2019,2776,766912450.51,34.12,Hardware,23609847.29,44.3,40.23,59.63,2
684591,Schroeder Inc,2015,1954,908396049.62,10.78,Consulting,28128812.6,33.21,80.27,97.61,7
652697,Smith Group,1989,3532,582981444.7,11.39,Networking,37635885.11,10.69,72.76,72.49,9
229092,"Clark, Jenkins and King",1989,2241,401749663.72,49.38,Hardware,44381660.06,41.77,28.82,1.07,13
251217,"Shelton, Wright and Davis",2003,4903,698732690.08,37.7,Services,28442348.7,37.22,1.74,1.43,10
360030,Wilson-Davis,2006,1539,568380878.3,1.26,Consulting,44144272.16,6.14,20.06,73.57,27
301974,Petersen Ltd,1980,1287,842208141.08,12.74,Hardware,47921411.37,36.54,51.93,0.96,1
118771,Sullivan-Wells,1987,2783,922478237.41,20.16,Hardware,46308836.71,81.69,30.16,7.77,9
190989,Hughes-Cardenas,1986,1619,112098794.31,15.84,Services,48892685.93,2.24,70.38,89.37,17
612439,"Johnson, Love and Davis",1994,1133,947470559.11,36.4,Consulting,45561534.32,12.71,89.83,0.52,19
600356,Gonzalez and Sons,2002,3576,779958441.81,30.44,Services,23076369.24,34.43,6.84,25.3,7
479731,Nelson-Warner,2002,3315,764053587.94,47.08,Hardware,8074462.27,84.95,29.91,20.59,27
756782,Kline-Beck,2019,3666,740853146.6,27.58,Networking,16649018.7,13.81,35.77,40.81,9
397845,"Wilson, Rios and Vasquez",1986,2809,899815661.27,40.49,Networking,22704122.72,32.89,72.0,50.31,3
992397,Bridges Group,1982,1744,857804049.21,41.46,Hardware,39169780.96,77.1,43.99,83.66,12
886861,"Henry, Carson and Donovan",1999,209,565278186.49,27.31,Software,25954382.81,85.06,89.31,0.09,7
527659,Young and Sons,1993,2007,778730695.74,3.06,Hardware,3030534.57,52.28,79.81,22.77,12
287495,Newton-Carlson,2007,4662,903160069.84,44.08,Software,41596227.09,46.91,9.54,21.26,24
135061,"Herrera, Peterson and Tucker",1984,4676,411598915.06,36.59,Consulting,5250686.47,21.95,13.72,10.9,9
571000,"Smith, Rivera and Stephens",2003,2539,154513448.81,28.72,Networking,14914099.99,92.68,70.36,53.32,1
614098,Mitchell Group,1986,2226,621502358.05,48.26,Services,25569145.91,41.1,25.03,64.92,9
534844,"Huff, Brock and Thomas",2002,2066,900061986.97,25.66,Hardware,44355258.25,38.62,85.19,68.64,12
304487,Hess Inc,1993,835,234784007.34,46.48,Networking,28371574.35,34.07,51.1,25.75,27
727220,Bryant Group,2001,3392,963528607.26,47.1,Networking,18883020.23,63.37,17.76,24.26,11
292460,Bates PLC,1996,1391,587919620.23,16.76,Networking,23059410.85,42.23,12.74,26.36,21
712768,Fuller-Farmer,1989,2228,594140026.96,40.79,Consulting,18061501.06,9.58,29.77,70.14,8
489131,Gill Ltd,2016,4985,433988393.7,18.67,Software,8258439.53,88.11,99.97,70.18,20
503778,"Shelton, Smith and Reid",2011,1572,320489249.25,9.51,Networking,26785209.49,87.45,29.33,7.91,2
440494,Torres-Shields,1980,4176,388891779.49,11.89,Software,35967483.35,6.56,54.8,20.8,12
330025,Padilla-Garza,1988,3206,716775214.72,27.98,Software,9845651.69,29.52,54.7,97.71,28
715377,"Pena, Hodge and Sanchez",1991,2920,930267322.73,5.27,Services,20087752.06,26.75,62.02,11.74,8
263813,Richards-Perez,1999,1373,315246359.86,47.74,Consulting,18266882.33,17.81,90.22,84.39,4
549811,Hardy-Santiago,1991,2984,572383536.84,36.93,Software,15640940.61,54.79,0.23,70.22,10
624154,Luna Ltd,1994,4061,500434894.63,3.46,Networking,47551639.68,64.81,32.73,11.63,1
360919,"Pearson, Porter and Hamilton",1980,4358,517499503.56,37.98,Software,16485577.22,56.08,34.19,78.72,29
373775,"Hamilton, Ortiz and Lee",1994,3495,312361649.88,36.19,Consulting,33974100.64,47.0,63.26,44.33,4
723844,Morse LLC,2013,153,657244980.51,41.61,Consulting,7273874.69,83.77,9.63,39.77,11
331776,Rocha-Wilson,2017,444,439787296.82,31.0,Software,16268590.91,97.73,79.67,56.98,2
403752,"Schultz, Mills and Huynh",2019,2355,631661271.92,12.91,Networking,37596262.55,68.48,5.24,29.84,3
770267,"Bailey, Williams and Hendricks",1999,1813,273158537.64,40.73,Hardware,29654748.81,82.75,67.91,91.3,6
783700,Hill Group,1999,4180,675698524.89,24.62,Software,20790399.63,51.38,3.75,91.14,21
585583,Reese and Sons,1989,549,680031152.27,34.57,Services,4104409.76,67.11,56.59,68.25,29
896565,"Strickland, Long and Smith",2013,4764,65695043.56,37.07,Hardware,9366641.22,43.29,84.41,85.85,22
564855,Jenkins-Lopez,2006,279,852827907.89,8.03,Networking,25029056.58,41.86,77.14,58.2,16
480964,Love Group,2004,153,133589073.27,6.45,Consulting,14084615.21,38.49,90.65,30.46,18
437215,"Cook, Flores and Bright",2002,3354,186744885.06,10.29,Networking,15993710.02,50.35,31.0,75.34,12
185607,Vincent Ltd,2000,2211,51256716.81,41.79,Services,5005444.55,75.64,63.66,99.15,19
538407,"Martinez, Wood and Wright",1984,3679,434955296.28,0.68,Software,25414339.26,73.03,57.91,86.5,26
160101,"Clements, Martin and Weaver",1994,4002,110613294.59,12.67,Consulting,21736107.44,71.75,97.91,26.63,13
416099,"Davila, Hicks and Sanchez",1995,2899,399627206.94,4.89,Networking,19290871.46,17.9,56.21,16.08,3
364989,Johnson-Wiley,2011,279,954497435.83,43.85,Services,3957463.72,26.62,96.9,78.33,10
755594,Page Inc,1988,963,615845834.31,5.15,Hardware,16107945.69,84.78,25.72,68.27,24
440944,Forbes Inc,2004,388,432338355.35,10.37,Networking,9125018.41,49.12,19.72,19.81,17
510442,Berry-Porter,2002,4698,491100411.23,30.4,Consulting,18636971.36,29.82,74.45,68.41,13
810029,Roberts-Delgado,1996,2033,694796396.5,3.91,Consulting,49377206.59,62.74,41.92,45.62,25
494349,"Ward, Wiley and Rivera",2004,2659,718566322.81,27.78,Networking,23182383.31,19.94,71.83,76.88,17
118389,Johnson and Sons,2019,1712,324739380.61,49.98,Hardware,22638212.89,65.44,64.04,82.4,25
175973,"Hooper, Martin and Carter",2007,4257,570948995.5,34.26,Hardware,4711590.84,54.28,56.51,91.27,29
587921,Campbell PLC,1980,1032,652873448.7,18.1,Software,39169332.21,12.43,68.91,38.3,8
172571,Carter Group,2014,335,519482004.2,46.61,Consulting,42879753.24,67.36,23.41,45.22,10
551132,Smith PLC,2006,431,834831951.95,19.88,Software,41787136.24,15.74,82.56,74.67,20
713746,"Hampton, Cummings and Johnson",2010,714,318323572.33,13.97,Hardware,14486453.37,93.65,29.75,99.06,1
915988,"Anderson, Rodriguez and Barber",1982,4941,551813809.14,22.83,Consulting,21131092.01,73.78,72.37,35.54,7
347158,Gordon LLC,2014,660,455515909.69,35.78,Networking,13393412.6,99.47,99.5,75.57,29
377698,Mcmillan-Thomas,1981,4178,915903861.69,30.14,Networking,1388204.46,25.38,95.33,86.44,7
200504,Davis-Diaz,1981,3316,746137977.72,19.28,Services,15708073.39,43.15,75.25,94.37,8
788917,Shaffer-Thomas,2008,2114,796277986.73,22.9,Hardware,18813501.68,79.64,43.54,11.81,25
493113,Knight Ltd,2002,2954,324733647.13,46.64,Consulting,37735469.5,65.26,77.71,76.95,11
794699,Cooper Inc,1981,2767,443536047.9,22.87,Software,20259512.69,27.09,82.64,82.38,9
417748,Harvey PLC,1994,4200,72983881.64,18.06,Consulting,25103711.47,69.29,54.99,61.28,15
564430,Kelly Inc,2003,734,212124262.21,19.66,Services,18318923.28,92.91,93.46,44.19,21
115101,"Campbell, Adams and Shaw",1998,2337,57843429.75,10.96,Services,29334945.06,24.41,30.13,86.83,9
842112,Reed Ltd,1993,931,587777939.11,5.81,Software,15841308.1,17.08,37.31,50.23,19
508561,Williams-Parker,1998,1109,60367266.77,34.19,Services,41492602.45,4.45,64.38,48.81,14
285030,Baker-Cooper,1995,4964,304453649.64,45.09,Services,20805472.17,11.84,5.15,2.12,26
213531,Walter-Powell,1989,4148,765341788.36,26.02,Consulting,37477370.11,84.81,2.92,48.79,4
926453,Keller-Thomas,1983,779,433856121.13,26.41,Networking,21300329.26,58.93,62.93,40.81,16
233038,Perez-Mora,1993,2645,60849225.09,34.08,Consulting,41666156.61,27.9,38.58,50.45,3
914593,Brown Ltd,2019,1725,440776310.4,3.14,Hardware,3000756.94,6.92,86.13,91.43,15
532875,Harris PLC,2012,2505,465403047.34,38.05,Services,19203424.97,93.56,5.82,42.49,16
612215,Garrett Group,1993,4507,7782965.34,49.25,Consulting,15082836.55,60.1,31.21,2.22,26
946399,Stein-Robinson,2006,3133,383540168.73,45.5,Services,31145003.74,38.02,80.96,72.78,26
990234,"Bass, Black and Martinez",2002,2331,15158929.71,1.84,Networking,48189245.78,86.42,45.12,48.77,8
301406,Mora Group,1986,1823,934656058.03,48.25,Consulting,27967950.19,19.21,72.07,44.54,16
678270,"Lewis, Rodriguez and Jones",1989,3814,657649560.07,47.63,Software,2270903.14,23.74,39.28,37.32,24
777376,"Prince, Brady and Johnson",2013,1615,461875830.89,22.29,Services,24346499.81,23.31,61.12,99.14,22
428689,Taylor-Flores,2017,1386,420244671.41,44.36,Software,3810752.75,89.56,76.35,37.36,23
131986,Mcmahon Group,2012,2699,316285736.5,12.69,Consulting,19307211.76,62.1,54.59,8.99,11
290409,"Brown, Wood and Scott",1983,2268,308591304.38,0.01,Services,48729752.97,72.06,5.22,73.32,5
698386,"Henderson, Woodward and Schneider",1999,659,422550837.78,37.71,Hardware,16556031.11,52.82,86.67,1.28,12
607512,Gregory Inc,2005,1038,214074564.75,35.73,Networking,34034393.25,32.11,76.96,67.41,20
243918,Martin Ltd,2006,714,597039669.39,12.71,Services,48531531.47,70.48,61.4,41.06,4
292251,"Black, Martin and Keith",2007,2216,308487236.88,12.31,Software,3054458.0,40.7,39.84,37.03,29
475032,Johnson-Mitchell,1995,3796,286014989.4,18.4,Consulting,3655835.31,51.58,7.16,78.11,6
883028,"Shepherd, Lopez and Fuller",2004,119,473203386.95,41.16,Hardware,7784241.37,70.28,28.76,44.47,13
390852,Ballard-Campbell,1996,1650,573389755.36,29.5,Networking,29349418.12,5.39,87.46,48.21,25
783917,Archer Inc,1991,726,880749832.2,48.6,Networking,7562352.27,27.87,5.78,48.9,3
283562,"Burnett, Foley and Martin",1995,2799,5791207.72,31.04,Networking,20264021.57,57.87,35.61,34.92,23
991253,"Ortega, Hayes and Miller",2005,3214,268923517.37,11.56,Hardware,22777248.55,50.01,67.46,41.9,8
822849,"Torres, Murphy and Blake",1986,3700,145934078.27,15.48,Services,45122213.75,48.97,27.5,76.42,2
882225,Gray-Carey,1991,647,595688571.75,23.38,Hardware,44715932.8,80.59,92.58,52.37,29
252385,Martinez PLC,1983,4936,527846056.09,49.13,Consulting,8497092.61,27.62,78.02,96.4,1
860683,Logan Ltd,2009,185,354924834.96,49.15,Software,48204413.85,9.78,46.84,83.12,29
676088,"Rodriguez, Clark and Jones",1998,1927,662706861.31,49.39,Networking,32675862.33,19.26,81.83,14.69,27
436108,"Johnson, Combs and Brown",2006,245,40597240.79,26.05,Consulting,32592861.79,99.18,29.22,41.7,28
328116,"Jones, Thomas and Johnson",2011,3708,250086290.59,38.86,Software,28721057.1,77.52,78.08,13.83,27
331370,"King, Mclean and Medina",1983,1809,289947212.04,30.87,Software,47528500.02,8.49,51.69,13.59,23
185654,"Parker, Montoya and Boyer",2017,1447,769687362.99,27.37,Hardware,22334535.91,47.07,11.81,91.12,13
936547,Clark-Kennedy,2016,4381,520122687.17,5.58,Services,46523398.04,61.14,25.69,35.33,6
278619,"Davis, Knapp and Jones",1989,1881,579516059.36,22.6,Networking,10460905.16,16.36,85.08,58.13,3
466723,Meyer-Simmons,1983,172,983606517.6,39.27,Consulting,20231694.51,11.94,35.73,17.72,25
586904,Johnson Inc,2008,767,493945243.87,32.08,Consulting,30583397.99,73.62,68.44,15.44,27
564341,Williams-Rodriguez,2010,1170,590435051.03,9.2,Consulting,39571498.05,59.57,34.23,68.29,23
542333,Gray Ltd,1983,2608,303210057.11,47.71,Consulting,44009897.98,56.92,17.89,85.45,4
373113,Brock-Johnston,1999,1027,476555634.81,34.82,Consulting,23192090.58,29.61,98.61,9.93,5
426867,"Hays, Williams and Patterson",1996,207,234234403.37,37.1,Services,49887110.57,0.93,38.36,0.42,2
572041,Lopez-Lewis,2011,2319,565244096.05,18.35,Networking,38955758.57,82.26,51.94,42.46,21
430675,"Steele, Robinson and Smith",1989,3273,645187219.59,38.2,Software,48279518.78,32.16,68.12,66.28,23
514848,"Krueger, Dominguez and Chen",1988,2797,547353841.52,39.35,Hardware,37752318.64,45.56,69.82,0.66,26
490912,"Carter, Hayes and Beard",1982,4996,961641904.84,31.54,Consulting,36691252.39,60.35,16.05,71.86,22
967847,Schmidt-Ramsey,2013,176,684657344.12,5.05,Software,7213773.59,41.47,61.93,15.6,13
765184,"Gilmore, Smith and Holmes",1983,477,78992572.85,30.5,Hardware,37645728.79,89.46,59.06,44.73,29
697325,"Robinson, Stewart and Hayes",2007,1569,53449865.36,1.22,Software,1125413.95,28.62,26.49,79.5,15
771597,"Weeks, Guerrero and Hoover",2003,3296,742978286.22,29.49,Services,37980191.08,87.7,84.1,7.67,7
966660,Paul Group,2016,3849,278284473.13,26.3,Hardware,20696367.65,27.94,96.33,78.83,4
410953,"Foster, Gillespie and Carlson",2014,4857,268152898.51,26.84,Services,26135284.82,26.74,16.2,41.22,23
207641,"Wright, Watts and Gomez",1995,212,986154837.36,6.78,Networking,26223966.68,19.27,24.46,55.75,21
716302,Morton-Brown,2007,559,388673864.06,44.33,Consulting,12447166.46,32.28,52.76,58.83,10
270886,Robinson-Davenport,2014,521,311855135.92,16.31,Services,21563573.16,93.16,18.95,87.77,7
333938,"Phillips, Frazier and Cook",2010,3920,79604787.16,37.06,Networking,18603412.91,96.01,30.66,42.94,10
498162,Rivera-Adams,1989,725,233576822.14,0.67,Hardware,16440818.9,2.63,33.86,82.79,13
571238,"Sandoval, Rodgers and Morales",1999,3569,70432654.08,25.15,Consulting,30317057.34,57.92,35.48,51.08,15
551743,"Espinoza, Shannon and Dixon",2012,2150,439188242.67,16.59,Services,23842444.48,41.39,92.98,95.86,3
318185,Murillo and Sons,2013,1218,206485901.28,15.11,Services,33231171.26,29.98,58.8,10.7,1
315444,"Knight, Cole and Phillips",2004,4933,919809698.86,38.82,Software,29878535.07,92.07,96.07,32.17,29
174077,"Rogers, Downs and Wells",1985,4190,349847073.34,41.91,Services,38113984.28,56.31,35.27,89.8,15
811254,Allen PLC,1989,2333,168278015.51,4.62,Hardware,39872881.49,56.81,71.88,93.17,9
902223,Gardner-Rojas,2004,883,218582359.92,32.52,Services,35315383.72,74.66,64.46,46.02,2
421478,Collins-Flores,1997,1331,875025702.69,21.16,Consulting,26226909.33,22.63,0.67,9.38,11
483041,Cardenas PLC,2003,3799,739285997.59,33.75,Hardware,44285337.57,55.07,31.47,9.06,18
771068,Thomas and Sons,2011,2868,811474181.98,28.69,Hardware,19724161.99,17.02,5.03,58.81,10
649847,"Clark, Perkins and Ponce",1986,4671,936626439.72,2.9,Hardware,36131855.89,30.1,53.77,86.03,1
429896,Johnson and Sons,1992,3339,677209999.69,7.72,Networking,20058317.35,25.25,55.01,24.68,7
351200,Patterson and Sons,2018,2654,644721871.08,46.25,Consulting,13650162.62,4.41,72.5,52.51,20
544501,"Hernandez, Hays and Ferrell",1989,3616,214588129.04,7.33,Networking,30643373.11,88.56,63.85,90.38,16
227641,"Wood, Bell and Herrera",2013,4166,273959954.33,45.69,Hardware,5571675.13,86.62,81.14,85.26,26
295326,Villa-Johnson,2013,4208,562345534.5,43.47,Networking,39587887.71,65.7,68.27,3.07,28
938623,Morgan and Sons,2011,560,294545897.16,3.61,Services,22703338.84,90.44,52.39,7.58,1
227043,Benson LLC,1991,2495,913835196.16,18.17,Networking,31244889.32,70.69,27.7,2.26,24
112644,Smith-Fitzgerald,2006,1745,423249602.94,12.73,Services,2046657.8,89.95,44.09,50.74,24
801928,Medina-Solomon,1997,63,980427212.39,7.24,Networking,36071233.88,43.65,42.45,72.7,14
305442,Gould Ltd,2013,800,426045962.83,44.62,Software,41691237.95,1.95,15.38,12.92,29
920347,"Beck, Miller and Sosa",2009,1178,126927249.46,21.96,Software,4184164.67,50.46,92.59,2.57,19
551671,Gates Ltd,1993,2690,450192230.17,15.55,Hardware,42792271.51,29.58,51.05,23.11,11
379519,"Alvarez, Reed and Bruce",1988,2503,496706936.38,30.32,Networking,14265210.99,74.22,38.78,92.91,1
948226,Gibson Ltd,1983,2588,303460926.06,44.22,Services,48192743.03,51.51,53.43,27.96,28
947625,Brown Ltd,1984,2644,68203545.22,41.82,Hardware,24772118.23,58.27,27.8,86.87,2
194688,Li Ltd,1982,2116,929281407.97,39.99,Networking,43102679.44,21.36,78.73,53.05,15
885104,Garza-Burnett,2005,1317,745617482.75,21.12,Hardware,4489070.7,46.16,68.48,26.62,12
146589,Heath Ltd,1988,2003,940865355.81,25.09,Networking,43545906.63,94.32,59.86,82.59,1
211406,Cox-Ramirez,1993,1544,353774641.99,48.53,Networking,37337856.96,16.73,1.26,48.98,28
327450,"Nunez, Brown and Chung",2008,2652,174195774.98,40.39,Hardware,18905229.82,73.14,17.92,59.78,3
379239,Smith-Davis,2011,1853,721119474.89,46.38,Hardware,48803009.28,74.21,16.06,35.73,14
375674,Garner Group,1988,4621,647825649.17,35.82,Software,46637604.45,6.45,80.67,12.61,4
205609,Chandler-Miller,2010,4539,2134045.13,41.69,Consulting,11293942.32,50.68,31.51,23.28,25
813497,"Roberson, Palmer and Ryan",1997,3062,558843817.69,20.09,Networking,2934823.05,47.8,41.81,8.29,4
562018,"Adkins, Riggs and Brown",1993,2287,437083761.66,24.2,Consulting,8285536.89,10.29,90.02,94.84,9
855242,"Evans, Barber and Clark",1987,1347,389763307.4,7.87,Hardware,36968239.94,71.51,53.04,20.36,2
807092,Long and Sons,2016,3135,928792668.1,43.22,Networking,8698756.34,28.33,23.86,26.88,4
160066,"Roberts, Williams and Oneill",1992,1368,898348070.36,36.7,Consulting,6189787.32,80.89,68.21,92.64,20
971688,Mosley-Krause,1998,4708,541756884.52,2.26,Services,49235073.53,31.98,91.66,61.41,20
113046,"May, Smith and Alvarez",2000,2221,316156536.17,27.94,Consulting,47696179.68,45.2,78.24,39.67,5
630774,"Robertson, Barrera and Mason",2018,2246,781789470.95,41.05,Services,17267973.47,3.27,11.1,65.05,14
363887,Richardson and Sons,1982,4418,280220049.58,31.86,Consulting,39988534.76,1.54,29.73,59.98,7
568005,"Anderson, Mendoza and Byrd",2003,1435,130471614.64,47.65,Consulting,47205128.47,77.88,7.52,36.05,1
860936,Hoover-Rios,2011,2272,606223100.62,1.35,Hardware,28756966.05,68.33,60.44,9.06,14
476230,White PLC,1999,1835,866035800.31,16.14,Consulting,5311110.03,84.89,69.33,70.27,24
580826,"Horton, Mendoza and Williams",2017,3555,876252012.36,0.18,Consulting,1306653.99,4.92,60.12,23.79,12
955625,Jimenez LLC,1991,3714,747134513.63,21.56,Hardware,22166176.93,69.64,1.06,34.47,20
802967,Christian and Sons,1981,3895,461194548.51,22.49,Services,33933165.25,29.38,40.21,36.97,3
476760,Miles-Miller,2019,720,125192499.4,49.84,Networking,6576380.98,86.81,59.22,35.73,15
466517,"Walters, Johnson and Collins",2013,1157,123872052.65,12.06,Hardware,8184531.59,82.53,6.52,13.75,19
854382,Glover-Brown,1987,153,182884625.18,49.2,Software,41674167.38,42.03,80.43,45.74,8
362042,"Wilcox, Owens and Moore",2013,2176,11411498.68,1.72,Services,27272929.82,76.07,66.89,59.76,12
941357,Kennedy Ltd,1997,4563,60738338.1,11.47,Hardware,4542368.24,79.03,94.88,12.29,10
276281,"Campos, Hutchinson and Robertson",1980,2541,258519309.49,38.96,Services,16008514.6,46.54,83.55,94.48,24
240160,James-Wilkerson,1998,699,456523447.52,1.7,Software,27324634.61,28.91,91.54,43.89,10
830265,Chapman Inc,2004,2812,926869447.82,22.86,Software,12397015.81,65.61,91.56,90.09,15
593321,Young Group,2005,2012,840083605.48,11.64,Consulting,8781331.1,76.63,3.28,1.42,18
477169,Andrade-Sanchez,2006,2632,406867238.78,13.44,Consulting,9850741.25,54.08,88.1,59.67,19
319329,"Meyers, Richardson and Baker",2005,3034,84438376.63,43.0,Services,2446394.06,47.2,61.7,7.24,11
106320,Sutton LLC,1991,2421,63533431.12,35.85,Services,26508852.86,80.71,79.5,33.12,13
160189,Brown Group,1992,3230,453440891.47,21.46,Services,45608142.07,59.31,39.48,20.74,13
368898,Morrison LLC,1984,1110,340821149.7,21.58,Hardware,46538149.95,2.87,71.57,43.1,19
442346,Norris-Brewer,2005,3113,842015946.97,49.31,Networking,8854469.2,3.99,89.35,67.4,5
161327,"Evans, Kirk and Sullivan",1999,2360,575047695.37,47.37,Networking,11878688.27,3.63,13.22,83.54,16
725937,Wilson PLC,2001,3172,113179244.32,37.08,Hardware,30376460.64,34.16,26.23,17.24,14
207006,Watson-Dickson,1982,2704,54641501.86,23.35,Consulting,15824917.92,45.23,16.6,59.24,10
415282,Grimes LLC,2006,2001,527624988.41,34.04,Consulting,44759024.75,13.64,13.09,25.91,15
411736,West-Zamora,1989,3128,462827663.73,46.63,Consulting,27174926.46,31.59,15.89,5.42,23
803343,Bishop-Berg,1999,3062,586442690.86,21.31,Software,18850038.87,8.8,86.55,16.55,29
692410,Martinez LLC,2010,1460,151308766.9,19.36,Consulting,10696410.19,2.6,12.17,56.28,2
937499,Williams-Burgess,1995,4387,697682391.92,7.63,Services,45174197.67,85.06,29.87,68.89,11
333066,"Hernandez, James and Jones",2016,4969,728265842.1,16.85,Services,877567.99,86.82,10.4,49.99,11
732068,"Andrade, Christensen and Garza",2002,1194,638376165.02,23.29,Services,38156629.83,85.12,15.35,50.23,10
868355,Ford-Strickland,1995,2648,110694320.33,2.12,Software,38497265.45,73.68,23.79,50.0,12
661839,"Carter, Johnson and Williams",2003,4474,602018653.33,30.42,Services,26819734.71,98.07,97.44,1.37,12
352162,"Joseph, Thompson and Simmons",2019,2343,291858784.03,23.92,Networking,28986978.48,27.89,30.34,60.02,4
315472,Walker PLC,1995,2620,655836806.83,31.32,Networking,33717838.63,97.14,48.76,35.21,11
728961,Hayes-Huang,1998,1231,874118811.37,34.23,Networking,6980623.14,60.19,88.32,68.73,7
972360,Shepherd-Williams,2012,2917,405718882.65,16.52,Consulting,46860976.3,63.41,16.12,84.36,10
599545,"Powell, Fox and Campos",1994,4655,4990474.88,7.09,Software,9441928.55,58.76,85.05,80.7,10
211201,"Calderon, Boone and York",2010,810,767917730.82,4.39,Services,2685211.3,14.64,23.12,48.11,29
680463,Thomas-Lawrence,2013,133,331865871.31,30.91,Consulting,28479746.44,56.31,24.78,94.71,3
309636,"Jones, Clark and Bernard",1997,1546,839291764.24,18.36,Services,42712852.93,35.66,78.23,6.11,26
416492,"Gray, Morrison and Cross",2003,4154,512821982.1,25.89,Software,604133.27,46.88,0.36,72.58,13
737655,"Roberts, Nicholson and Fox",2018,4103,857669729.15,7.85,Hardware,36165573.05,60.53,51.23,30.78,8
551282,Collins-Archer,2005,2717,54695941.61,37.73,Consulting,37395992.13,69.66,60.92,79.51,18
735763,Ross LLC,2008,2491,573505326.63,14.5,Networking,32811889.23,54.7,83.22,8.21,25
473954,Hicks-Prince,1981,4442,572203723.64,42.4,Services,1763291.06,1.95,68.48,0.04,25
558467,Parker-Smith,1982,100,644019626.68,31.25,Consulting,47342446.98,40.39,45.71,60.47,18
601824,Gilmore-Buck,1986,1362,226174653.16,3.89,Services,16119139.92,71.55,4.06,93.37,9
322095,Johnson Group,2017,1422,287952767.77,47.25,Consulting,11271646.47,69.85,53.86,99.19,23
677772,"Larson, Rivera and Davis",1982,4421,741845169.15,17.98,Hardware,28087201.45,47.16,61.05,69.99,21
896222,"Fox, Foster and Phillips",2005,3853,413399324.27,33.35,Services,23259622.23,19.17,74.88,13.06,19
775328,Roberson and Sons,1995,2360,588033162.91,5.14,Networking,9015144.37,66.19,45.07,51.28,15
938763,Snyder-Hartman,1991,1669,609318072.75,44.74,Consulting,2012854.57,64.74,97.07,53.79,19
758223,Ford-Davis,1986,4745,73507352.84,25.4,Hardware,37435990.5,98.59,76.14,34.24,9
683725,Dunn LLC,2009,3955,376005240.24,47.11,Networking,15995551.76,3.57,61.68,89.75,18
851059,Gonzalez-Huber,2002,123,956049593.29,19.25,Services,35160137.92,18.13,83.79,37.22,11
160464,Elliott Ltd,2003,3353,274544023.53,9.57,Hardware,48741555.96,42.71,70.15,25.5,3
810119,James-Ford,2009,4643,174063989.2,40.61,Software,39616270.7,53.31,58.47,70.72,12
810573,Ray-Clayton,2003,415,26232455.5,28.74,Consulting,13108169.64,48.92,47.6,60.85,1
735022,"Cohen, Thompson and Grimes",1993,1424,993747701.95,4.73,Consulting,38410360.0,31.43,18.12,84.58,18
432336,"Hardy, Gillespie and Tyler",2018,1453,690148736.12,27.4,Software,24416316.57,56.47,60.16,1.53,2
635569,Navarro-Morgan,1997,903,180653217.18,35.07,Hardware,49662295.47,63.76,94.47,59.58,16
872730,Cruz PLC,2013,4242,659417652.08,26.71,Networking,15020714.53,96.37,55.26,15.46,11
934528,Simmons-Mcintosh,1996,3266,814447922.8,37.77,Consulting,31930178.47,57.68,72.64,11.25,22
689018,"Ayala, Ryan and Santana",2000,3548,548146688.92,6.39,Software,8662878.63,58.51,41.24,61.21,14
950896,Hudson-Mack,2007,2761,475198749.13,2.73,Services,12678671.7,51.49,97.0,90.42,18
157045,"Ray, Anderson and Cruz",1986,896,727488903.73,43.04,Hardware,20328684.8,70.45,12.04,85.51,2
545536,Lewis-Hall,1994,3730,729837391.56,24.94,Consulting,16000147.85,68.11,8.2,70.92,25
527692,"Porter, Baxter and George",1982,2186,345188344.02,4.69,Networking,6126915.17,80.07,55.55,25.27,25
947242,Kent-Matthews,1986,2082,364375529.86,10.23,Services,15977483.87,51.19,27.27,4.29,12
577625,Williams and Sons,2019,2009,157715419.47,43.12,Hardware,22973001.22,83.44,16.88,19.31,17
100317,Foster-Smith,2006,4868,291980355.37,19.48,Networking,21324550.2,97.6,93.94,77.55,29
951513,Lewis-Thornton,2015,4682,363521240.64,16.19,Services,42590699.35,55.82,46.55,13.81,24
706128,Cook and Sons,1994,2830,492443351.54,31.7,Consulting,41462240.0,88.61,69.43,29.26,26
831081,"Garcia, Mitchell and Blake",1991,1878,122952842.76,46.1,Hardware,47680657.26,32.91,66.46,7.94,20
525284,"Gonzales, Powell and Mcgee",2001,4178,308802299.14,2.15,Services,2328066.57,95.34,80.33,75.05,18
595299,Carrillo-Gardner,2011,689,390621922.44,36.53,Services,15049300.67,6.77,9.28,74.04,16
958348,Walker and Sons,2009,4381,612809650.18,45.96,Software,23307593.08,59.05,60.82,55.73,7
153650,"Reid, Thomas and Byrd",2007,3955,170139215.23,13.98,Consulting,12600259.31,78.85,79.23,24.47,5
239642,Ortega-Craig,2005,2673,880171845.85,14.34,Hardware,1345248.42,68.7,69.78,44.58,1
340407,"Kennedy, Sullivan and Sanchez",1999,2375,100047406.82,41.47,Hardware,43588140.15,47.07,22.82,57.5,21
710047,"Smith, Smith and Reid",2004,2558,703695331.84,47.26,Software,10748253.41,96.76,97.12,81.21,15
608877,Miller-Hill,1987,348,628361293.98,1.31,Networking,37475814.59,51.33,90.19,55.48,29
269215,Rivera-Hamilton,2011,2882,838677963.45,13.31,Software,16385058.67,27.2,34.08,86.86,28
138691,Anderson-Bender,2009,170,5618887.27,37.51,Hardware,20030157.68,57.79,54.04,69.92,6
880453,Jones-Davis,2015,2288,361806562.41,38.35,Networking,38835766.24,26.32,62.27,57.96,11
823898,Pierce-Massey,1981,2459,883817064.54,28.3,Software,45246544.88,96.64,89.2,35.01,13
646290,"Watson, Mason and Ramos",1999,3791,890455771.32,45.97,Software,39406859.38,61.79,39.92,11.37,22
203511,Nguyen-Ruiz,2012,4060,239883986.7,46.51,Consulting,47004270.42,32.63,41.07,87.53,22
283254,"Harmon, Romero and Edwards",2002,202,417946030.64,16.53,Software,22187134.92,72.68,80.98,28.09,1
339535,Henderson Group,1980,881,4743075.68,1.42,Networking,25009001.32,57.67,63.38,74.78,22
376865,Anderson-Yang,2006,1190,15098495.83,40.66,Software,12449737.95,81.97,69.47,7.27,14
437268,Carter and Sons,1989,1450,63215399.66,27.17,Hardware,5342393.22,44.76,58.69,32.81,10
552508,Campbell Ltd,1980,3581,309912295.13,26.34,Services,20484431.82,63.9,14.06,6.12,22
338039,"Bernard, Boyer and Sanders",1995,1218,587312983.91,26.81,Networking,12594330.63,22.05,61.64,16.92,24
509573,Perez Group,1982,1382,547737676.64,5.72,Services,3784804.88,84.88,93.74,34.19,4
916900,Jones Ltd,1990,750,864143891.7,34.7,Hardware,31552900.04,0.26,52.37,76.62,12
101075,Hurst-Pearson,2014,1355,250803583.02,16.8,Networking,39199123.35,81.07,63.43,80.68,2
699784,Johnson-Mcbride,2005,1540,154679951.93,18.25,Services,42369033.44,43.26,3.82,96.92,17
123123,Thompson-Esparza,1984,890,623286196.92,23.0,Software,5994084.51,58.11,15.63,20.77,6
822879,Ingram-Andrews,1993,3897,568257389.09,17.05,Services,23535658.77,76.65,21.02,73.23,1
152595,Pruitt PLC,1980,3962,211421265.39,45.13,Networking,8896756.7,85.16,14.72,52.94,20
301813,Gallegos-Chavez,1998,2649,910204891.38,11.73,Networking,1067026.9,20.04,27.57,68.37,21
709241,"Lopez, Wood and Robinson",1998,4352,190123626.99,37.97,Software,48917351.46,15.89,63.71,45.86,22
152388,"Barajas, Valentine and Johnson",1993,1645,229310227.52,34.63,Software,32485985.75,84.18,85.25,6.26,24
931584,Fox Inc,1996,1884,713330895.69,33.17,Consulting,23709225.35,76.79,91.68,79.1,16
967442,Owen LLC,1985,2520,302814681.84,21.36,Software,35628729.08,24.39,23.13,80.92,24
685969,Maldonado Ltd,1985,4356,471009940.9,22.21,Software,26533711.1,9.27,25.64,82.7,6
623856,Hall-Johnson,1984,527,880684682.15,18.09,Services,19638927.18,77.45,75.57,44.82,10
836126,Bishop-Kennedy,2001,1947,865336478.14,4.53,Networking,11605972.28,6.97,30.0,55.03,5
268997,Martinez-Barnes,2012,1765,485285537.17,14.14,Software,24551359.65,38.3,1.36,68.67,17
407685,Conner Ltd,2010,1963,483010854.32,32.3,Consulting,45528685.31,70.17,52.11,14.31,9
578245,"Davis, Gonzalez and Day",1991,941,108171206.6,48.52,Software,23012156.29,81.34,1.6,60.52,22
267268,Clements-Schneider,2009,2578,500607086.7,22.28,Hardware,41284678.34,46.93,50.13,16.52,6
205956,"Waller, Gibson and Mcgee",2006,3111,536262040.71,7.14,Consulting,15559124.09,9.57,56.67,39.05,11
784973,Rodriguez-Merritt,2018,1624,643939675.47,0.53,Networking,6608894.79,23.65,38.22,3.19,7
398954,Copeland Ltd,2006,3928,319759204.75,27.65,Consulting,30396419.0,75.77,42.54,9.66,16
260809,Schwartz Inc,2006,2856,608055702.44,15.7,Services,28685075.03,58.82,71.48,90.18,2
942656,Little Ltd,2011,3228,432570109.14,10.54,Consulting,21211413.36,63.76,88.51,91.95,27
106093,Ramirez-Harris,2017,674,458681909.62,26.31,Consulting,4346404.66,95.49,70.73,96.68,13
831821,"Kerr, Frank and Morrison",2007,3435,551659327.95,31.43,Networking,40789272.9,75.25,48.02,22.63,10
696718,Thompson and Sons,1984,2523,521579444.37,15.41,Services,33502723.7,20.71,66.67,34.68,28
271739,Cooper and Sons,1983,1017,304935908.88,13.39,Networking,28155801.51,92.89,77.58,31.57,21
220515,Wright LLC,1998,2176,536996310.18,43.32,Networking,39518541.39,13.55,43.94,94.46,25
887378,Allen-Lewis,2015,3440,141873644.37,7.8,Hardware,2468130.4,26.25,33.43,63.38,16
278921,Bennett Inc,2011,4884,428345842.2,32.64,Software,29731034.8,27.51,45.9,69.85,12
159060,Foster LLC,2019,420,233389367.87,10.72,Hardware,3876845.24,15.45,71.8,72.83,6
709558,Smith Group,2004,984,881445600.07,2.76,Networking,28814008.07,93.47,68.74,91.94,8
101205,"Harris, Robinson and Kennedy",1988,1947,720691218.35,27.4,Services,18396945.87,49.1,91.81,40.29,25
970994,Rivera Ltd,2009,2538,257989742.04,35.41,Software,17357970.31,46.75,74.23,92.01,23
531862,Roy Ltd,1984,4371,264238887.25,49.77,Consulting,42344659.49,35.67,61.34,71.01,26
256976,Freeman-Randolph,2019,1928,818589337.78,24.25,Consulting,8980570.62,0.76,38.62,47.91,29
704681,Gray LLC,2006,4643,715834587.47,28.45,Software,15878660.83,56.88,49.17,69.77,3
503587,Russo-Thomas,2004,1118,12621836.65,14.95,Software,29852641.75,70.77,81.42,16.27,21
704751,"Bush, Baldwin and Mitchell",1985,3505,297235266.57,26.74,Software,33625900.64,40.53,11.6,15.73,29
206833,"Moses, Estes and Jackson",1992,424,661296410.51,27.34,Software,9137288.16,64.61,10.5,17.61,14
804951,"Bernard, Monroe and Jackson",2016,1596,403590422.43,11.08,Software,2670881.95,89.09,85.4,96.68,21
864052,Garcia PLC,1990,3582,967095773.38,8.22,Services,6917506.66,93.99,51.26,55.08,9
593966,"Cantrell, Saunders and Robles",2015,121,92585039.33,35.04,Networking,31502739.33,24.41,34.17,33.54,11
430529,"Johnson, Baldwin and Jones",1983,1282,179348134.49,35.41,Software,5274965.46,73.22,86.76,90.72,7
805329,Pearson-Guerra,1983,1277,370844052.87,22.68,Services,37109834.37,92.07,18.81,78.61,16
295523,"Johnson, Stewart and Holloway",1988,1688,378862634.86,10.61,Services,36567957.33,30.75,27.15,67.97,3
817550,Norton PLC,2001,4901,159819955.55,41.19,Hardware,27283406.6,0.29,47.0,30.09,14
622033,Baker-Johnson,1997,3527,588662760.27,22.05,Software,18200330.35,53.37,58.23,11.64,2
340446,"Jones, Rivas and Sanders",1980,3989,664567724.39,46.6,Services,14311799.66,58.52,40.03,95.46,6
780990,"Williams, Barrett and Jefferson",1981,2906,541109825.08,16.27,Services,13096547.18,27.33,99.89,31.31,22
609766,Ramirez PLC,1988,580,148871586.26,15.1,Software,29403048.01,35.09,44.85,46.62,17
623712,Walker LLC,2003,1642,800925466.41,41.13,Networking,22180034.53,48.25,23.54,8.46,23
815460,Montgomery LLC,1986,96,452564935.69,11.0,Software,46450839.86,15.7,8.91,16.59,23
906455,"Lucas, Mclaughlin and Mercer",1989,678,319576211.99,27.14,Hardware,14590506.97,82.28,60.53,73.83,15
605842,Phillips-Woods,1993,2771,780014249.18,2.32,Services,34228275.26,47.11,25.45,54.85,24
201487,Perez Inc,2018,3917,354787245.21,18.54,Services,49306852.57,29.5,4.24,53.09,9
305082,Hill-Ramirez,2018,4280,922569294.08,49.59,Networking,14121154.78,51.91,42.86,49.38,23
237734,Robinson-Brown,2016,1137,545846360.9,40.3,Consulting,3240797.61,39.46,23.6,30.9,20
144818,Wallace LLC,1983,3042,512319764.29,22.44,Hardware,7111393.1,88.43,83.87,95.92,4
996764,"Willis, Coffey and Hanson",1997,4996,719170423.81,29.97,Software,12602785.02,69.71,87.31,25.25,24
134615,Daniel-Walsh,2005,4725,764046505.49,40.01,Hardware,31924575.3,9.13,76.92,16.61,14
229828,Armstrong-Fritz,2014,4934,966322047.98,48.61,Services,37143097.26,52.85,32.85,82.0,22
636480,Best Inc,1998,1956,883081756.89,31.0,Services,16248871.97,24.1,49.35,24.73,1
978385,"Clark, Wyatt and Wilson",1996,75,362930647.35,14.06,Software,12749527.5,67.33,22.59,55.04,4
153153,"Avila, Russo and Wilcox",2010,2793,637578759.63,40.76,Hardware,3083155.08,96.51,13.81,94.62,18
336683,Thompson Ltd,2017,1665,898528485.9,22.67,Services,9754058.35,12.69,91.63,0.54,13
613320,Day PLC,1980,1729,310997355.39,17.54,Hardware,36116614.06,32.87,56.8,3.4,20
441429,Berg Ltd,1984,232,341234796.29,7.68,Consulting,44863752.75,59.87,82.1,38.02,2
573464,"Jackson, Thomas and Blake",2017,1753,251271428.95,42.16,Software,21418310.67,32.67,83.2,1.59,24
993988,Wilson-Potter,2019,1211,178120422.93,0.79,Hardware,31699741.12,38.47,68.9,96.35,29
618919,Horn-Hernandez,2000,976,571926196.59,12.66,Services,6842997.94,30.56,81.5,21.63,11
393475,"Walsh, Smith and Valenzuela",2016,3200,480236088.83,18.23,Networking,45691423.1,28.87,86.82,9.17,20
888391,Wilson LLC,2011,1718,925065467.72,29.82,Services,48596104.52,96.15,56.3,41.32,2
560811,Peterson-Hill,2005,711,820441811.07,13.79,Networking,38197980.71,87.95,0.48,99.22,4
391867,Hooper Ltd,2002,2675,459744042.6,33.7,Consulting,5681910.55,6.07,11.74,5.41,2
987997,Baker LLC,2013,1061,594431444.5,43.17,Networking,26173541.79,88.6,85.99,8.94,23
550324,Mcbride-Watts,2017,682,449454450.78,41.99,Software,26192131.94,42.56,43.32,80.48,16
571860,Fernandez Ltd,1991,4163,474809361.15,29.32,Services,38088724.1,31.25,43.06,74.29,17
485969,Dudley and Sons,2004,1193,343435001.39,32.14,Consulting,47307565.16,78.0,46.56,47.82,14
993642,King Inc,2013,1171,730743942.37,0.39,Hardware,20006647.46,48.5,24.93,35.26,25
942793,King-Smith,2016,3799,800060763.99,25.24,Consulting,15870103.03,64.13,98.68,69.81,12
733625,"Ramirez, Hawkins and Pittman",2009,812,702033464.81,45.47,Networking,17931271.64,17.65,96.97,11.78,18
248518,Owens PLC,2003,4141,585226491.91,8.81,Services,16201865.08,39.52,8.23,79.05,2
265260,Carr Ltd,1986,2987,505659446.27,29.46,Consulting,3923655.67,14.36,4.86,12.32,23
900178,Thompson LLC,1981,2063,355865704.06,14.31,Software,18680220.74,64.51,16.95,8.92,28
379433,Dixon-Castillo,2004,2262,742038898.41,45.06,Hardware,34197318.25,47.96,2.86,64.93,22
425618,Williams-Long,2013,1838,371053774.43,27.49,Software,15739240.86,18.65,34.1,41.7,29
459393,Garza Group,1989,3704,756998124.11,49.54,Consulting,8513646.08,16.01,20.81,70.75,27
428202,Nelson-Pugh,1995,3499,537211995.91,33.96,Software,45555459.08,78.14,93.29,8.39,22
167673,Jackson-Rodriguez,1997,4001,896334477.87,25.82,Consulting,31395061.5,77.75,46.47,77.28,3
293881,Scott-Wells,1983,1191,397496844.6,11.44,Software,39324098.7,59.89,70.59,29.84,20
597126,"Young, Ramos and Anderson",2011,2977,603649912.68,41.19,Services,36635740.12,39.04,81.71,86.9,11
141618,Phillips-Hill,2010,4654,449935592.45,8.53,Software,48122898.86,23.91,91.68,46.9,20
962396,"Palmer, Miller and Brown",1981,4822,249695082.11,11.01,Hardware,47940836.01,17.55,35.6,82.83,16
400985,"Thompson, Peterson and Smith",1990,1393,443877097.46,5.44,Software,40251568.0,10.96,22.78,66.22,28
957393,Graham and Sons,1983,221,71658890.18,38.3,Services,39995378.65,57.36,11.71,30.1,28
560001,Ramirez and Sons,1987,3754,141778679.37,5.61,Hardware,16810223.81,64.45,25.52,72.62,26
574693,Robles Group,1996,4192,194846763.0,5.46,Software,28316493.3,17.31,94.43,2.69,12
497370,"Johnson, Sanford and Roth",2003,4875,850080681.82,10.93,Consulting,21841266.12,49.56,12.43,2.52,14
635243,"Wells, Jones and Cox",2003,3775,684710501.09,45.79,Services,4607880.05,59.29,90.23,46.24,26
737169,Bolton-French,1981,3531,936005939.41,22.16,Networking,29407402.29,58.37,56.82,93.64,4
471183,"Williams, Bradley and Douglas",2009,3925,626258010.26,37.08,Services,15904197.66,1.75,19.39,21.21,20
768174,Patterson-Evans,2018,3658,662000468.61,39.51,Hardware,32301198.28,9.26,35.78,58.4,16
939391,Barrett PLC,1980,1471,963239527.3,47.14,Software,29818564.21,25.49,81.98,27.43,7
917633,"Ortega, Jones and Howell",2016,1574,86743857.78,39.51,Hardware,12794933.55,54.29,46.66,9.76,17
955880,Rodriguez Group,2001,4868,896541915.27,38.62,Consulting,35829313.03,22.14,8.63,34.38,19
761775,Wallace-Maddox,2006,1391,679208997.06,10.5,Services,14388026.64,95.23,76.14,88.28,23
745448,Campbell Inc,2013,247,158316804.45,32.71,Consulting,11417148.12,77.71,7.62,77.49,16
764736,Johnston LLC,1985,876,347632935.76,44.17,Services,47151735.18,92.99,83.01,74.06,6
252225,"Russell, King and Steele",2014,2834,590701896.84,40.84,Hardware,23088173.79,26.27,70.72,72.55,19
400601,Simon Ltd,1992,2504,226970171.5,29.44,Networking,12381280.3,59.78,97.07,90.93,18
314483,Lopez-Boone,2002,4656,85281265.93,29.76,Services,3820794.86,83.03,40.95,12.18,17
279935,Johnson-Calderon,2006,3420,685953273.81,7.09,Consulting,19106941.49,47.43,64.06,33.97,11
819256,"Espinoza, Wolf and Sherman",1998,4893,707795658.59,48.58,Consulting,44419195.45,2.58,55.24,72.03,4
251339,"Price, Acosta and Vaughn",1986,4136,908806124.97,45.42,Services,44926410.24,26.89,67.8,63.01,21
262438,Freeman-Austin,1987,1403,317044029.79,5.99,Networking,13234861.95,46.05,21.25,20.46,28
623517,"Delgado, Sandoval and Jordan",1997,2225,119326803.69,10.69,Services,13513084.0,82.28,14.37,99.09,2
166226,Abbott and Sons,2013,948,341622658.9,6.91,Services,15446237.35,76.22,45.58,69.52,15
732605,"Fields, Mills and Arnold",2004,1588,231386398.54,9.05,Consulting,27984911.86,69.11,97.16,59.17,11
699861,Smith-Anderson,1989,2745,532363037.12,16.08,Software,42277979.65,31.46,57.37,53.64,20
679825,Coleman Ltd,2012,2678,888502361.62,33.92,Hardware,10741985.41,16.22,92.74,50.04,22
827048,Davis Group,2000,4980,200275588.34,22.66,Consulting,22231155.68,35.68,33.95,13.71,25
349328,"Singh, Murray and Middleton",1986,2963,841010959.59,17.82,Consulting,32454366.12,65.01,99.16,78.21,2
695725,"Wood, Brown and Townsend",2001,2688,924070718.82,24.68,Software,19619184.83,32.54,20.63,80.52,2
162812,"Green, Cooper and Reed",1999,489,642708912.07,4.95,Services,29453809.97,73.34,72.18,11.36,10
551500,"Ortega, Graham and Williams",2014,4943,937081515.01,16.56,Software,19563996.29,76.96,62.54,29.2,6
940093,Rogers-Ross,1995,442,358027671.39,15.3,Networking,945533.37,98.95,37.08,12.76,16
413559,Jackson-Tapia,1980,4363,410729559.77,5.08,Software,39612497.42,48.37,33.64,42.5,12
883168,Ramsey-Mendoza,2000,2113,69067918.54,37.31,Software,18041097.59,50.62,50.25,57.32,7
952288,Miller-Johnson,2007,1585,619681836.81,20.72,Hardware,44670342.84,37.15,69.35,96.04,22
329615,Roberts Group,1990,1523,879607406.71,25.11,Services,43891176.51,25.01,40.91,67.18,14
861309,"Case, Smith and Johnson",2017,4921,571496446.94,14.42,Services,41920159.64,82.49,43.72,6.93,1
379441,Greene-Kim,2018,1102,130621241.54,9.23,Hardware,24190076.02,53.6,64.47,13.84,7
576095,Mccoy-Castro,1982,4040,939359911.1,8.19,Software,26037381.63,25.45,28.22,79.67,6
579315,Anderson-Jones,2000,53,103897018.62,31.4,Consulting,39732321.09,15.25,40.72,77.04,5
577248,"Cunningham, Shepherd and Munoz",1989,4412,875654320.01,6.57,Services,45132531.93,39.56,57.06,45.54,29
566539,"Mills, Taylor and Morrison",1991,2061,757003025.27,0.85,Hardware,1438146.81,77.54,5.67,99.56,17
861243,"Perry, Morrison and Hays",1996,752,187942646.0,3.08,Hardware,27630626.91,84.99,46.23,34.5,26
561796,"Stanley, Ritter and Rodriguez",1983,1856,237168013.18,16.25,Services,19946925.77,85.07,95.6,10.08,2
877874,Frost-Smith,1989,4268,997943076.22,19.54,Hardware,30076934.21,44.4,24.51,38.41,7
258189,"Alvarado, Harris and Wells",1985,818,403149660.17,30.18,Networking,47140763.57,54.41,5.59,86.44,13
115011,"Allen, Lopez and Smith",2010,2599,782965829.12,48.12,Hardware,28427245.99,64.04,44.93,3.56,19
337623,"Alexander, Jones and Keller",1986,4007,429596568.45,0.19,Networking,39527511.88,40.0,92.42,36.13,19
312987,Vasquez-King,2005,4449,876426026.68,30.46,Hardware,27819134.78,44.09,17.0,13.5,23
440541,Barr-Trujillo,2013,192,15281714.13,5.82,Software,32075068.46,3.36,10.78,4.62,25
814859,"Hall, Dunn and Sanchez",1983,1891,849478847.61,49.4,Hardware,13879812.95,0.19,85.93,29.84,11
384558,"Nelson, Kemp and Morgan",2008,3001,175895352.08,45.67,Consulting,692311.31,68.19,5.65,11.58,14
239423,Cantrell Inc,1999,3285,570549456.12,24.15,Consulting,36258711.76,65.54,31.09,35.22,10
575548,Figueroa-Stewart,1992,4136,638336214.45,19.89,Networking,3104252.97,17.03,79.89,47.24,22
600557,"Rodriguez, Davidson and Martinez",1993,4351,482269377.53,32.68,Consulting,19213945.69,44.57,81.48,79.51,2
420439,Miller-Schultz,1980,1298,888634217.13,18.51,Networking,25522968.15,6.03,35.22,28.68,14
405478,Brown Inc,1997,4747,783259585.6,9.56,Consulting,3993835.07,24.13,70.93,17.16,11
498707,Huff-Miller,1984,4334,39349555.18,4.28,Networking,24620920.03,33.76,55.75,90.68,2
950833,Wallace and Sons,1987,4663,299409107.26,4.75,Hardware,12838842.01,18.76,82.62,48.12,15
508578,"Pierce, Sutton and Scott",2003,367,595321442.98,41.61,Software,19093291.66,65.93,97.43,12.43,17
876107,Lam LLC,2018,1179,945868342.75,31.96,Software,46844424.62,43.37,9.65,45.0,24
207540,"Porter, Rodriguez and Pierce",2006,4016,941733054.15,36.02,Services,24352673.68,10.03,24.68,58.6,12
259937,Harrington-Jones,2011,1510,135051476.24,1.43,Services,41073195.94,11.29,2.04,39.88,18
162790,Moody PLC,1984,2590,447518381.05,3.89,Consulting,809660.58,81.63,78.58,96.53,27
947381,Reyes Inc,1991,2130,351312321.32,42.37,Networking,34601238.83,57.79,26.11,58.17,22
401768,Becker Inc,2011,2104,230575977.65,27.15,Services,48119563.33,28.37,77.32,19.01,21
224418,Harvey-Burnett,1995,1526,719494307.82,18.88,Software,28030092.9,80.57,55.85,84.22,20
319597,"Mcdaniel, Cervantes and Edwards",1980,1779,694374211.33,47.96,Software,19675699.57,91.47,29.77,36.1,28
579238,"Price, Smith and Davis",1993,152,395921630.53,8.57,Hardware,26931713.41,42.14,61.02,73.01,26
501950,"Griffith, Jacobs and Oliver",1994,1518,150824569.54,28.63,Hardware,1828542.84,86.42,51.49,73.09,15
496425,Hamilton-Warren,2011,4052,765385500.47,12.48,Software,22645966.53,31.18,20.68,86.18,2
954444,Nolan-Love,1999,3882,901168413.08,31.53,Hardware,18401602.97,89.22,38.21,74.53,13
602827,Miles-Spencer,2003,3159,685060947.45,14.04,Services,3510183.62,24.37,77.46,37.92,25
592129,King-Miller,2001,2362,261776967.43,25.95,Consulting,36995587.73,4.7,85.33,94.68,25
552133,Hill LLC,2013,3786,198015269.21,7.28,Software,3536359.22,10.59,70.07,97.6,4
214806,Stevens-Wells,2012,110,154033955.03,0.25,Hardware,21784065.63,57.05,26.17,5.41,7
278529,Joseph-Harris,1998,3272,241760150.71,44.07,Networking,47752434.39,51.32,48.19,18.94,6
794901,Collins-Clark,1983,848,855994634.86,17.73,Networking,5585184.85,94.15,24.31,67.25,23
715314,Burke-Snyder,1994,3655,312050773.62,46.43,Services,13783445.03,74.92,35.73,23.51,12
284737,"Sanders, Bryant and Barton",1993,3803,328220789.38,13.34,Networking,41916910.27,36.49,94.58,51.65,5
260751,Brown Group,2015,3546,701330828.91,11.95,Networking,7596111.33,34.68,59.58,23.91,22
497742,"Jones, Robbins and Ward",1985,3476,696630211.88,9.09,Networking,25339056.7,34.67,45.27,86.63,4
105628,Bridges-Smith,2011,1754,363747025.41,48.63,Consulting,37266625.91,21.68,58.02,3.58,7
893385,Bean-Pena,1983,3471,100750876.87,37.78,Services,49714186.88,52.19,93.13,54.61,17
257165,Banks-Crosby,1987,197,29226341.34,43.32,Networking,16612096.06,31.0,21.96,96.33,23
725532,"Mckinney, Mckinney and Olson",1999,3549,934518849.01,44.61,Services,40390107.31,24.58,70.63,76.77,15
897547,Zavala PLC,2011,4207,104309867.03,20.94,Consulting,37614033.75,7.28,75.66,29.1,21
577295,"Carter, Berry and Mccoy",1990,3520,532434021.8,24.36,Networking,28609934.73,8.81,20.21,66.37,5
288331,Thomas PLC,2005,2610,299429152.28,45.4,Software,1355526.06,55.97,62.75,13.88,17
228456,"Reyes, Callahan and Turner",1998,3162,610144388.49,22.77,Software,16397481.62,86.31,32.17,10.02,6
474703,Massey and Sons,2017,2631,992025331.28,2.81,Services,18736390.64,60.82,74.7,42.99,2
835414,Moore-Barnes,1983,2207,337879359.59,2.05,Networking,28512079.58,95.81,35.35,66.43,9
887131,Thompson-Cantu,1991,1529,420511964.55,20.84,Hardware,16517433.2,47.26,0.03,89.95,21
197019,"Rodriguez, Beck and Holt",2012,2149,124453990.75,20.75,Networking,20573754.76,45.02,70.66,90.33,14
694116,Wong-Martinez,2010,4547,472820344.02,1.14,Services,4126988.45,75.25,38.9,76.94,3
544357,Snyder-Thomas,1981,1554,275215492.19,0.26,Software,26391761.02,59.43,69.43,84.76,27
977017,Tucker and Sons,2001,582,990429980.42,45.45,Hardware,1137925.41,37.37,97.45,52.5,14
229313,"Gonzalez, Lester and Chavez",1993,694,447545681.75,47.59,Consulting,13422256.64,69.26,69.72,5.2,27
826376,"Goodwin, Carter and Guzman",1986,3393,143969847.09,49.23,Networking,38992392.05,67.35,95.94,8.04,11
924668,"Meyer, Cameron and Morgan",1998,4601,329361853.0,33.04,Hardware,12606744.14,99.04,50.6,66.86,28
804040,"Reid, Summers and Dennis",2011,3582,663934241.38,40.54,Software,23001207.89,62.42,1.04,27.88,11
253287,"Richards, Mitchell and Williams",1982,2922,541994827.0,31.68,Software,35757802.53,76.0,11.14,65.41,9
740120,"Long, Huang and Carter",2010,1461,288963418.06,47.42,Software,22807561.33,74.75,2.39,36.97,16
466030,"Alvarez, Shah and Braun",2010,4223,619415508.27,47.35,Networking,34286551.65,38.31,39.99,82.24,15
264527,Boyd-Garcia,1997,2869,771325737.94,6.44,Hardware,30785860.03,47.51,7.68,11.57,17
230319,Romero-Stewart,1993,3525,872387009.89,11.36,Networking,30009712.9,45.37,49.52,17.94,15
821042,"Wong, Lopez and Harvey",1996,591,848532486.52,20.36,Hardware,561143.36,18.67,44.38,62.74,17
652387,Cummings LLC,2010,3043,955998434.6,38.17,Software,43363224.9,14.55,89.43,18.02,8
187553,Miller Inc,2011,1625,764892733.13,3.49,Hardware,26902531.89,12.85,18.35,52.28,12
864688,Gibbs-Espinoza,1991,1453,349911145.21,32.42,Software,21946635.05,45.44,27.88,36.34,23
219649,"Bolton, Alvarado and Baker",2014,418,44559406.47,11.51,Consulting,45909981.27,79.35,32.7,78.22,17
557487,Riley and Sons,1984,3010,909640125.13,1.04,Consulting,19037835.43,15.66,41.75,73.61,21
742341,Mueller-Franklin,2011,913,180469387.61,23.6,Hardware,40841336.69,36.96,99.42,42.02,7
828052,Ochoa Ltd,2019,316,642267444.27,43.15,Software,9243097.9,16.44,30.45,40.17,21
273930,Jones-Clark,2010,1913,183226281.68,39.5,Networking,22480245.88,38.02,48.37,77.55,23
897259,Mcdonald Inc,1988,204,696244880.53,29.23,Networking,17351445.03,42.92,46.02,89.85,29
862532,Rodriguez-James,2015,3615,103451408.4,44.75,Networking,36561417.32,2.68,52.62,85.26,4
814330,"Hill, Allen and Vaughn",2007,2224,58050666.88,48.44,Hardware,34264646.88,54.42,51.52,50.19,18
280667,Cruz Ltd,1984,1637,878049783.36,22.29,Services,14193286.99,5.76,66.5,76.98,28
998740,Smith-King,2007,4397,942690385.83,23.62,Consulting,23710109.82,24.06,28.27,21.41,12
354955,Madden-Dalton,1997,801,814762125.6,21.79,Networking,32086951.99,8.48,84.73,54.64,27
120687,"Warner, James and Vang",2017,2234,470454983.47,21.82,Software,8412359.28,30.07,94.82,91.13,24
513744,Brewer-Livingston,2019,3383,891434552.73,22.32,Hardware,15392432.09,42.02,25.42,66.53,27
947147,"Ortega, Collins and Hughes",2010,1410,688761534.83,16.91,Software,1743328.25,4.81,87.47,90.36,19
718162,"Thompson, Wagner and Buck",2002,1387,942373692.46,29.28,Networking,15511897.19,4.38,7.43,88.71,3
267454,Kennedy-Johnson,1980,4083,109060996.94,19.85,Services,37429655.07,45.8,94.19,48.63,8
209218,Schroeder-Ochoa,2017,2486,292315186.65,47.37,Services,29302164.5,37.51,83.25,13.92,10
580457,Mullen-Kirk,2001,2228,45039111.74,30.31,Networking,33437493.66,60.65,66.78,38.35,8
990674,"Garner, Arnold and Gomez",1996,2541,926135417.78,47.24,Software,11687556.12,13.52,22.21,43.95,18
880926,Hayes LLC,1987,2546,338018841.55,39.24,Services,36149742.1,0.98,9.24,93.31,6
493485,Brooks and Sons,1991,3266,556989892.83,29.61,Consulting,32607572.99,56.11,61.41,69.68,3
410922,"Murray, Yates and Johnson",2007,101,599990826.43,36.71,Consulting,19699620.52,57.41,11.04,38.69,15
560358,Cunningham-Mcclure,2012,2621,892031248.27,44.7,Software,44720765.19,28.63,29.43,14.2,5
894957,"Ryan, Caldwell and Lindsey",1996,3223,914609578.88,13.99,Hardware,27895495.39,81.02,73.56,29.48,2
411353,Mason Ltd,2014,1384,876762157.4,1.0,Hardware,20153411.37,79.32,38.69,58.59,7
945240,Lam LLC,2014,2544,460975277.52,47.07,Networking,47356816.0,79.55,54.82,93.89,20
414970,"Perry, Thompson and Adams",1997,118,645061701.96,5.05,Services,18370888.69,62.91,4.87,22.24,4
588209,"Murray, Thomas and Leach",1992,2626,699989204.34,46.52,Services,14390553.1,7.09,93.53,35.63,21
995473,Brown-Davidson,1982,1498,361329887.1,46.03,Consulting,47340601.62,83.72,45.02,89.03,21
774900,Osborne PLC,1989,2410,927054618.69,33.29,Networking,27195603.25,28.65,93.69,75.45,21
635175,Barajas-Roach,1986,1478,217347616.65,25.04,Networking,49671365.93,70.06,16.31,88.32,2
491283,Knapp Ltd,2002,1863,929241400.74,34.09,Services,44000579.98,42.94,62.27,20.0,26
150325,Bryant and Sons,2016,4070,742832996.7,24.13,Services,21302331.48,18.99,95.7,89.45,9
305050,Lee-Carter,1988,1699,356223157.64,21.52,Hardware,26590757.46,26.53,65.48,41.56,4
285012,"Larson, Coffey and Bennett",2003,901,473840355.05,38.4,Hardware,15562247.0,9.86,15.18,79.63,29
924074,Ross-Tyler,2002,144,365327553.93,0.31,Networking,13316888.31,75.71,68.28,75.78,3
333458,Smith-Morgan,1995,1723,884270965.98,13.7,Software,34656399.35,44.73,69.82,37.59,23
775583,Scott Inc,1980,1299,181840460.17,13.67,Hardware,3330775.7,78.31,29.3,73.21,29
285905,Compton-Gutierrez,2002,378,275852991.52,18.27,Software,29865189.65,52.85,31.24,18.12,3
313603,Lee-Wright,2014,4623,84504582.41,32.94,Services,33492541.52,75.77,44.66,99.57,4
606042,"Williams, Mcintosh and Green",2016,2732,892042855.92,46.04,Networking,40978133.16,60.37,84.95,96.46,7
121257,Robertson Ltd,1987,90,443379112.36,2.14,Services,899870.72,49.97,88.13,64.11,19
686158,"Dougherty, Allen and Bailey",2004,1132,601690486.24,2.36,Services,6533312.96,7.88,46.22,8.86,25
759464,Wood and Sons,1991,992,207576162.14,25.87,Hardware,37511138.46,57.48,50.92,52.07,3
993948,"Armstrong, Bauer and Jones",2003,4787,237279933.9,1.75,Services,7306693.77,74.89,56.82,42.55,27
573090,"Nichols, Hopkins and Wagner",1997,1469,570781398.55,46.95,Services,38390436.95,52.07,88.74,56.92,18
366945,Ochoa-Graves,2004,1329,811938723.77,15.52,Software,28003785.12,46.09,41.12,92.67,17
470216,"Ortiz, Turner and Brown",1983,1832,251925369.56,4.84,Networking,16882481.47,79.16,62.34,56.93,1
113153,Macias LLC,2007,945,776871782.93,26.0,Hardware,24986367.66,85.24,91.42,79.16,18
918507,Carter-Whitney,2006,3703,86414203.33,19.58,Networking,24375410.35,44.33,44.74,50.88,18
888084,Jones Group,2011,1993,153070626.94,24.23,Software,37815863.69,13.25,57.04,76.67,17
907126,Cortez Ltd,2015,4236,253033721.19,30.3,Consulting,31285687.88,79.45,20.21,31.15,9
756989,"Bender, Leblanc and Collins",2009,931,391945738.34,3.39,Consulting,36695217.77,24.29,4.61,44.63,26
352009,"Smith, Barnes and Anderson",2015,453,689166637.11,27.82,Hardware,4894235.4,38.72,12.65,9.15,20
351713,Ross and Sons,1984,4570,249025526.08,48.07,Services,40416643.11,24.66,45.32,99.98,13
474978,Wilson Group,2010,2824,259127312.16,7.75,Software,40852489.28,69.42,68.36,1.41,1
306067,"Scott, Durham and Bell",2017,4014,986128313.42,4.37,Software,2147586.08,86.04,14.34,67.09,11
329760,"Carter, Stevenson and Wright",1985,1508,375174929.43,26.71,Software,32137476.27,3.43,50.92,29.95,11
310481,"Swanson, Fischer and Fischer",1984,727,124739195.01,0.36,Consulting,35168410.97,78.12,40.3,2.56,2
583315,"Hunter, Schaefer and Fuller",2017,4329,463522197.26,27.3,Consulting,4189469.24,86.22,56.35,43.99,26
625884,Lewis-Stephenson,1983,1552,227522268.91,36.24,Software,44252822.63,71.45,64.49,70.75,14
686819,Martinez-Patterson,1999,2531,955859675.69,20.99,Software,7473941.02,47.71,13.31,11.48,1
960878,"Brown, Wiley and Carter",2016,3076,372661777.49,22.53,Networking,25451929.81,57.88,87.11,39.73,1
279533,Davis-Gutierrez,1985,3328,550668927.66,24.32,Hardware,25198303.44,25.59,44.08,96.64,12
902229,Oneal Inc,2014,1731,39314856.32,13.38,Networking,42158325.34,40.69,40.74,83.85,23
912333,Palmer Group,2004,2863,79793262.24,9.39,Networking,4278135.17,70.47,57.27,3.07,10
575067,Cook LLC,2001,196,402032744.09,22.19,Software,30296566.3,91.92,12.53,69.66,6
593339,"Stanley, Freeman and Gutierrez",2000,2926,204628104.19,46.02,Consulting,49020106.04,80.29,66.37,53.45,25
474108,Anderson-Carpenter,1988,2665,244187555.69,45.23,Networking,34413615.54,87.49,87.15,22.12,25
390129,"Duran, Gomez and Martin",2014,1231,388249993.41,16.08,Consulting,34528919.54,82.15,93.57,28.32,20
937908,"Howell, Schaefer and Marshall",2003,2629,277071236.11,17.51,Services,35613927.64,43.87,85.44,94.5,13
485415,Moore-Wilson,2001,209,795435035.41,45.5,Software,4153847.23,13.64,32.73,75.52,6
231431,"Rodriguez, Rich and Diaz",2005,4965,751944800.48,45.01,Hardware,40139480.55,72.46,64.62,3.08,10
193423,"Allen, Blake and Beasley",1993,2028,553242501.29,0.37,Hardware,35618515.14,48.44,49.59,2.16,12
912256,Morales PLC,1999,4720,40939657.82,40.07,Software,34637093.82,3.03,72.64,72.36,17
634499,"Dennis, Chambers and Miller",2005,472,480292960.96,29.6,Services,40459983.93,39.55,38.09,92.76,15
402205,Vega-Barnes,1982,2801,391401961.36,48.95,Consulting,17940724.87,22.3,19.27,4.76,19
260549,"Wilson, Hernandez and Oliver",1989,1751,135542644.95,41.55,Hardware,33334668.79,78.43,51.06,20.97,25
807119,Johnson Group,1991,2899,978136409.17,33.42,Services,44555783.73,23.29,18.28,75.67,17
630672,"Morse, Smith and Day",1990,4266,247678781.96,12.0,Networking,32476346.96,68.25,37.14,27.38,29
511372,"Rios, Woods and Brown",1998,4802,108516896.37,49.27,Hardware,35627834.85,98.12,21.46,23.06,17
103889,Boyd LLC,2005,2345,937042253.46,17.35,Software,47035666.86,19.7,73.69,62.74,11
758930,Thompson and Sons,1999,2281,783998496.71,38.66,Networking,39355166.41,84.22,26.12,38.96,20
583307,Wallace-Clarke,2002,2389,734962229.39,39.9,Services,23937622.72,33.19,88.7,73.75,11
726874,Cox-Johnson,2015,3538,457021227.03,19.69,Networking,32205623.99,5.79,5.77,89.46,27
814461,Young-Doyle,2001,2168,233681355.27,26.4,Hardware,3605194.87,88.7,78.94,58.24,10
834249,"Brown, Williams and Collier",2005,850,900576451.99,34.47,Hardware,29542259.81,38.57,40.03,7.52,25
514232,Scott LLC,1989,1539,972372977.66,11.88,Services,10600811.43,43.81,28.23,41.07,9
622685,Quinn-Taylor,2018,282,382099839.62,6.01,Consulting,2081339.92,12.38,80.39,82.74,21
272274,"Stout, Nolan and Rivera",2018,2178,658457462.3,31.94,Networking,17418870.97,40.85,66.91,66.65,23
686024,Garcia-Christensen,1987,1933,728536146.03,19.9,Hardware,36862943.67,11.95,91.11,95.8,9
544037,Collins-Lucas,2018,1271,390977653.43,37.4,Services,6704424.0,95.72,35.18,15.48,27
986815,"Campbell, Mcintosh and Baker",1982,735,357330777.86,23.67,Hardware,11337776.0,58.68,86.81,99.48,22
948665,Byrd Group,2010,2816,811215152.7,41.62,Consulting,4161196.06,79.53,26.85,21.52,12
255322,Collins and Sons,2008,1560,836908913.75,38.15,Consulting,7296902.55,65.35,70.99,71.48,10
553218,"Patterson, James and Howard",1991,3864,336542728.57,33.62,Software,39254253.48,33.58,76.1,36.03,12
117026,"Herrera, White and Chen",2009,829,542440163.32,33.31,Networking,39748299.0,22.82,84.64,56.89,21
798112,"Reed, Payne and Anderson",2009,4981,2423561.13,33.36,Software,14748318.15,75.07,23.05,49.98,24
995854,Robinson Inc,2011,4420,884260833.59,26.95,Consulting,48558035.9,84.02,88.57,49.2,16
590759,Turner-Allen,2003,231,870595912.3,8.07,Networking,1404927.88,53.68,59.41,86.04,2
324822,Ramos-Stark,2004,4315,356968247.78,36.3,Software,11244370.07,66.46,48.41,53.16,16
785135,Dickson-Myers,2002,208,343277546.51,31.69,Software,43949998.53,37.32,26.87,94.83,6
354822,Cunningham-Porter,1993,4907,48457267.56,36.39,Consulting,48779483.47,63.75,53.74,40.19,4
751996,"Ortega, Miller and Sanchez",1987,3820,852541975.82,36.35,Services,38417201.97,58.49,87.99,80.15,14
767949,Brown-Peterson,2018,3898,873974137.63,11.87,Networking,49302469.52,82.93,38.28,9.17,2
476164,"Burns, Guerra and Massey",2003,2291,226055365.28,35.06,Hardware,42964655.85,44.81,46.36,77.55,25
319020,Mcdonald-Walters,1985,732,205031267.51,16.92,Consulting,46098149.46,69.13,99.17,31.82,20
626621,Gallagher-Johnson,2018,461,384629567.6,23.06,Hardware,16155570.44,53.89,42.46,4.93,13
259986,"Barnett, Ellison and Williams",1980,1391,101697028.7,29.0,Hardware,32854966.09,83.06,2.22,78.42,19
423666,Washington Inc,2017,3132,768646146.06,3.18,Consulting,36797753.9,40.36,17.69,11.54,22
104928,Bridges-Contreras,2010,1671,391254994.35,36.48,Consulting,31069406.69,2.0,94.22,87.95,20
334143,Thomas-Kramer,1984,3439,567454937.36,8.56,Software,42951752.32,65.06,28.59,58.56,3
486907,Medina Ltd,1980,1722,617047667.82,0.98,Hardware,41679973.99,85.03,8.27,88.16,25
430627,"Garza, Bush and Pearson",1998,310,878809041.04,29.42,Consulting,3538264.07,91.37,27.79,58.78,26
286205,Santos-Miller,1982,3691,39688788.0,1.29,Hardware,36681419.93,87.97,45.13,65.11,21
418732,Hill Inc,1985,4531,257738339.53,22.05,Networking,17904434.55,39.15,21.84,8.15,13
919404,"Moore, Smith and Rios",2003,2696,36297829.82,14.12,Consulting,15432351.43,97.78,12.9,64.98,26
114400,Wright-Wright,1992,1273,920700783.62,3.63,Services,13083658.9,49.88,84.34,73.87,20
306649,Beasley PLC,2017,2828,144873407.45,8.03,Networking,19423435.87,22.31,61.08,27.07,21
526475,Bray-Ryan,1987,3385,534672827.94,15.98,Software,34331196.07,94.56,48.65,92.66,12
145349,"Wolfe, Salazar and Spencer",2009,1903,78970610.48,31.84,Networking,48052470.43,24.77,65.87,83.83,29
975991,"Hill, Ortiz and Cummings",1997,2699,62747717.8,44.6,Software,42243935.66,3.84,97.73,35.17,21
110024,Baker-Curtis,1981,2102,317868895.76,15.08,Consulting,48412087.04,71.14,42.69,70.78,1
111663,Porter-Martinez,2015,191,659520122.09,31.44,Consulting,14540825.7,76.74,11.57,13.82,27
713579,Cisneros Ltd,2009,223,154088547.34,7.27,Networking,1824885.95,37.56,79.83,84.62,28
848554,"Jones, Nelson and Ramirez",2008,2444,50547235.95,41.16,Networking,19497149.07,74.18,52.39,42.43,9
501545,Clark-Evans,2002,2271,945127394.27,15.92,Networking,28382335.15,68.81,46.01,95.36,9
828826,Moreno and Sons,2017,3668,515790773.41,37.7,Services,22049805.26,16.99,70.87,69.72,10
206684,Tucker Ltd,2015,1218,610711683.82,49.6,Networking,2525403.92,18.58,90.32,0.44,15
391182,"James, Rosales and Perez",1994,3151,772832401.26,48.28,Software,23468820.47,20.16,68.0,17.4,22
349116,Smith-Ross,2015,2532,115575982.6,48.04,Networking,7421440.96,41.6,70.42,84.39,9
213573,Rosales-Jordan,2000,3476,108573607.99,13.56,Hardware,44538909.44,33.97,88.34,4.08,23
999534,Liu Inc,2003,1176,993049361.9,49.79,Consulting,35889739.95,54.22,47.39,56.03,16
837982,Mckinney-Rose,1990,2041,977099009.18,46.22,Consulting,34458610.26,93.73,83.67,54.76,29
419769,"Scott, Sparks and Shaw",2018,2158,927174648.05,15.47,Services,28596493.71,24.79,16.68,15.05,13
419820,"Bell, Fernandez and Lawson",1999,413,356273991.89,25.4,Software,6274576.96,51.47,77.41,11.51,2
393047,"Davis, Andrews and Flores",1996,305,262302307.13,36.16,Networking,38288342.26,90.96,84.79,59.45,24
135582,Sherman-Orozco,2000,4032,814419589.87,14.95,Services,18962397.05,68.08,72.84,93.68,15
729718,Brown LLC,2005,3721,972898944.83,12.26,Networking,48956797.4,94.24,60.97,82.36,22
433410,Nolan-Valentine,2001,4742,134779883.04,25.11,Networking,19589657.95,53.5,68.74,42.65,26
281719,Evans-Garza,1981,3512,352361012.84,15.12,Hardware,40712010.42,19.77,44.19,3.53,28
605533,Kelly-Collins,2011,2203,886258087.53,18.16,Networking,45473922.19,77.03,13.64,10.95,3
471256,Callahan and Sons,1990,2185,577224206.14,7.65,Hardware,39562320.3,64.28,72.7,81.29,17
740365,"Smith, Lynch and Kelly",1997,3923,913987018.63,20.4,Hardware,29353448.47,53.27,74.65,84.04,5
325082,Davidson-Chambers,2016,4087,488535497.86,13.72,Hardware,1334680.39,92.84,79.6,22.82,9
175778,Hamilton-Diaz,1986,149,255166948.82,2.08,Hardware,21368413.28,99.03,49.73,21.62,23
668830,Bell Ltd,1980,682,459325167.82,9.02,Services,7210154.54,21.96,7.02,16.56,5
714502,"Barrera, Johnson and Williams",1997,643,567157638.02,17.87,Consulting,45773029.96,97.68,41.92,37.68,12
377643,"Francis, Barrett and Buchanan",1996,1696,383430707.51,28.75,Hardware,29718806.67,49.18,56.85,73.08,28
991429,"Johnson, Lamb and Rogers",2007,201,662487898.09,8.44,Software,33015782.41,57.24,4.35,38.93,25
253395,Chandler-Lucas,1989,3827,69061736.41,38.14,Networking,6515998.2,49.43,71.48,4.68,10
226605,"Henderson, Nichols and Johnson",1990,1125,879239393.7,3.81,Hardware,29994551.86,63.55,32.68,19.32,28
891016,Johnson Group,1989,2281,996304743.96,25.02,Consulting,42931433.67,7.15,41.06,66.99,24
706993,Ball Inc,2005,2398,493748010.1,49.34,Hardware,29483949.3,65.48,85.13,59.34,25
124497,Villarreal Ltd,2007,2815,177203471.4,4.56,Software,25002619.5,3.71,44.88,79.07,7
871760,Page-Rodriguez,1987,4700,410064583.34,24.01,Networking,31657032.23,21.68,81.94,2.06,22
251672,Woodward Inc,2001,1939,150846399.8,24.66,Consulting,43321711.23,69.92,99.63,95.46,20
605946,Whitaker-Campos,1994,1981,439940099.96,26.03,Consulting,37623902.51,68.42,23.42,59.06,16
920190,"Jones, Casey and Morales",2019,385,322353626.5,34.26,Services,1352064.03,47.57,61.74,11.77,2
586844,Booker-Walls,2006,4060,331498940.96,29.73,Software,31971170.73,61.57,64.35,1.21,7
292458,"Jackson, Norman and Trevino",2006,2217,805320855.94,49.24,Services,6755326.96,42.23,78.63,62.72,9
918045,Johnson-Robinson,2008,91,442708498.62,44.49,Software,44631212.39,79.54,64.27,11.92,3
856725,"Yang, Grant and Gonzalez",2007,1947,523436845.54,46.94,Consulting,29987636.31,69.17,21.02,29.71,7
636970,Walker-Hutchinson,2000,4469,73969940.26,16.45,Hardware,35892602.13,37.71,69.07,62.19,23
387015,Malone-Huff,2016,2054,612943334.73,14.48,Hardware,2229013.38,34.61,31.79,95.6,19
951562,"Hamilton, Daniel and Perry",1991,4698,62365801.43,2.15,Software,43795550.35,32.1,58.37,82.27,12
657983,Palmer Ltd,1988,3598,811231249.17,24.35,Services,24207570.5,43.18,18.67,42.33,11
431964,Morales-Larson,1980,4946,952294781.53,6.99,Consulting,17525195.01,10.44,58.98,70.44,3
926333,Padilla-Young,1980,271,562917435.48,24.28,Services,3335532.55,17.11,32.05,84.11,25
749376,Olson-Joseph,2006,2328,409718136.88,15.29,Consulting,22425934.89,14.45,73.66,74.41,18
402379,Donovan-Johnson,1994,3740,897790911.41,19.71,Networking,48001022.61,29.57,0.17,42.7,25
360262,Price-Fowler,1998,2931,607421809.38,35.43,Hardware,21662550.54,28.59,42.08,10.49,27
796777,Dunn Group,1985,4281,368363942.17,7.44,Hardware,35614817.34,7.2,95.48,57.74,6
332604,"Bush, Carter and Sherman",2006,2816,847702034.95,8.85,Consulting,49014679.74,9.37,17.53,4.15,4
402963,"Williams, Bennett and Baxter",1999,1906,295293746.4,11.69,Hardware,38539013.08,40.79,69.86,18.43,13
478092,Horton PLC,2006,4028,483337101.77,47.44,Services,2383826.83,0.7,52.71,20.6,10
248629,Ramirez-Campbell,1989,260,496956614.5,49.69,Services,34862271.82,68.93,10.7,93.32,26
422424,"Rodriguez, Bowman and Nelson",2002,1058,681557347.91,45.17,Software,21840036.14,67.09,58.31,48.95,15
810117,"Peters, Lowery and Howard",2014,1518,143609697.55,39.94,Software,12861538.07,59.91,62.11,56.5,20
179751,Hernandez Ltd,2000,3734,189176964.42,9.65,Software,44341333.13,46.05,93.01,74.47,2
347751,"Lambert, Owens and Jones",2004,3871,546738173.59,23.57,Networking,27598400.04,13.03,99.29,78.94,21
482943,"Bennett, Ruiz and Wilson",2010,1393,155336266.6,33.04,Networking,23272502.55,19.0,49.29,56.75,15
321185,"Patterson, Mitchell and Smith",2000,2308,654686623.62,12.06,Networking,24282512.91,33.46,12.63,70.08,10
996294,"Houston, Rodriguez and Campbell",1980,2317,698700760.55,31.8,Software,29936854.66,63.19,90.38,47.8,16
824675,Day-Jones,1995,2744,26269906.61,19.81,Hardware,39017338.13,94.81,6.32,26.42,6
629419,"Thomas, Singleton and Jones",1982,4606,712855498.79,42.21,Networking,12342722.67,63.04,34.35,88.02,5
214123,"Walls, Howard and Ortiz",1998,2985,757045951.24,49.33,Consulting,6270980.33,23.26,36.44,72.89,4
747384,Gonzalez-Ortega,2010,3928,624341720.72,39.8,Services,17989891.01,85.12,2.07,73.56,28
682833,Watson-Stone,1983,3285,385804492.01,23.36,Software,1584089.48,51.77,63.7,41.3,27
997675,Walker-Ford,1985,3262,455213532.83,4.64,Services,4716930.18,77.6,79.08,36.94,20
232883,Ritter-Crawford,1980,1791,606907780.15,9.65,Hardware,45408396.68,86.8,17.63,64.41,21
423279,Franklin-Richardson,2010,2077,995737938.45,4.91,Hardware,36519935.07,12.22,44.88,10.01,29
645764,Thomas-Stanley,1993,4531,832898587.79,5.63,Services,30434832.85,39.16,45.81,54.87,27
517566,"Salazar, Myers and Wong",1981,883,321880556.4,23.84,Software,18523019.79,12.56,80.99,70.4,27
704847,"Mercer, Lam and Sanford",1990,1444,265434691.8,37.12,Hardware,32935946.98,17.9,37.07,58.11,22
243600,"Gonzalez, Savage and Frye",1996,2549,34192552.22,14.84,Consulting,39875028.54,47.11,73.58,52.81,6
613890,"Holmes, Aguirre and Doyle",2008,2578,234719481.99,14.19,Consulting,9560029.82,79.54,77.81,52.66,9
468686,"Dominguez, Ferguson and Hall",1990,2780,788156441.86,3.74,Hardware,35383816.17,49.65,94.37,82.02,17
368032,Bennett-Stevens,1988,295,558753572.41,34.86,Networking,48967491.53,27.18,25.67,53.1,11
573852,"Palmer, Long and Murphy",1982,2009,984360559.36,0.76,Software,25746271.79,92.43,19.6,75.6,28
999166,"Norris, Price and Moore",1984,1079,902139388.63,21.29,Consulting,20403494.13,59.86,96.19,16.6,11
526662,Morgan Ltd,2016,1054,79243623.61,18.63,Hardware,18483839.42,23.28,20.1,99.11,14
224608,"Walsh, Byrd and Pierce",2008,4988,636053471.69,22.89,Consulting,32754300.67,67.17,53.98,7.55,21
322242,"King, Smith and Lowe",1985,1691,113717305.21,48.51,Consulting,30571953.95,31.22,86.62,94.34,29
674803,"Roach, Goodwin and Martin",2015,3363,731901314.26,21.12,Networking,30282566.76,55.52,64.31,70.41,18
137794,"Briggs, Cross and Oconnor",2014,120,603879935.56,6.12,Hardware,37471232.74,56.87,64.36,74.62,3
383961,Walters-Mcdonald,1980,4596,337375830.03,37.26,Services,41005657.56,18.19,50.65,47.64,8
266078,Scott-Clark,2009,631,313734413.83,23.65,Hardware,27758959.25,82.89,93.08,58.45,21
951209,"Anderson, Gray and Ellis",2006,2520,89101929.05,43.23,Hardware,4646676.99,22.77,33.03,4.56,24
975237,Tucker-Branch,2011,4120,305421936.44,46.8,Consulting,4052333.28,57.7,81.68,21.88,3
427982,"Wong, Brady and Morales",1995,2132,133158779.77,3.58,Software,23961761.78,7.31,8.78,19.1,12
893445,Jones-Atkinson,1984,1323,98972061.43,33.0,Consulting,27543722.57,15.92,80.65,38.71,26
161052,Carr-Trujillo,2005,3468,553709072.57,34.98,Software,21760787.49,31.58,83.23,79.09,25
374138,Henson and Sons,2013,4998,775191745.7,39.05,Hardware,28588172.64,21.91,11.21,73.64,20
699492,Peterson-Williams,1995,930,105280923.81,34.98,Software,43836590.29,72.19,10.62,12.56,18
429226,Anderson-Kim,1998,4736,988159106.85,35.11,Networking,43121103.5,63.26,23.85,41.85,26
515797,Santos PLC,2014,1284,797165161.66,43.51,Services,34153836.79,86.77,66.58,17.34,6
677174,Allen-Greer,2004,3861,171247154.35,1.67,Services,39209519.13,21.69,15.48,94.87,4
238365,Jones Group,2018,1161,793539859.0,9.37,Hardware,10960826.87,87.67,99.01,84.35,29
851095,Richmond-Chen,2005,2661,334971998.77,27.01,Networking,4166905.94,73.31,20.51,82.21,19
163087,Vargas-Smith,2005,1212,205553429.77,31.35,Networking,28733206.4,75.35,83.12,12.06,4
683912,Lopez Inc,1997,4252,962945346.09,42.49,Consulting,19994987.0,92.49,49.0,64.8,25
244311,Harris PLC,1994,2524,31582645.28,2.83,Software,4702472.52,43.75,54.3,82.51,25
493557,Cochran-Wilcox,1980,4126,509527969.36,36.55,Software,8662159.52,82.42,41.03,3.63,15
661654,Ortiz and Sons,1984,4423,430563951.75,29.87,Networking,39866810.02,49.47,46.08,57.76,3
312928,"Peters, Werner and Hall",2008,1829,826092158.6,29.21,Hardware,11196395.33,47.15,46.47,46.38,2
838574,"Munoz, Bass and Lopez",2009,4088,818652067.99,30.24,Software,30184933.68,39.94,30.61,10.1,2
671819,"Murphy, Bell and Taylor",1993,2300,459631787.22,27.28,Software,46544119.07,89.61,16.67,27.15,15
517308,Dennis-Ward,2000,4279,23563054.32,10.77,Software,4908006.34,3.93,23.99,31.08,5
522729,Hooper-Lopez,1999,69,158681935.8,49.51,Consulting,1548841.56,24.09,21.73,25.73,10
921996,Mora-Williams,1982,4106,12175436.94,19.3,Networking,48089914.16,37.09,79.0,70.28,15
854942,Decker Group,1999,2155,695376235.52,35.93,Networking,30241695.41,20.32,0.34,12.46,19
499137,"Porter, Allen and Rivers",1994,3665,982575442.05,5.97,Software,16461802.78,65.95,33.03,45.42,11
974747,Scott PLC,1986,238,288664467.67,2.58,Services,11386109.78,81.36,93.48,82.64,22
333259,"Miller, Roach and Rogers",1980,2465,891091093.42,25.57,Networking,9860115.49,84.22,61.86,26.49,13
323670,Parker and Sons,1996,4149,795222731.38,8.26,Networking,8424113.11,18.19,17.77,78.9,4
190452,Garcia and Sons,1998,1223,568701745.95,28.09,Consulting,14301153.02,23.3,51.19,73.16,25
392632,"Dudley, Medina and Paul",1997,3777,576920375.87,45.84,Hardware,1312032.28,30.19,7.21,93.7,8
857521,"Garcia, Patton and Mercer",2004,1735,858358054.79,29.74,Hardware,39359623.31,17.08,58.2,84.6,11
478479,Yates Group,1986,1524,296512138.68,43.38,Software,1739530.52,50.52,17.55,97.96,9
171348,"Simpson, Johnson and Sims",2017,177,669880922.71,23.17,Networking,5830519.88,64.0,18.64,86.62,4
928271,"Kelly, Morris and Chung",2000,683,795192220.09,23.85,Consulting,3633712.83,13.84,85.98,46.23,16
867674,Jones LLC,1991,1221,484501465.89,43.34,Networking,11774997.56,38.31,88.68,61.73,17
615513,"Fernandez, Ritter and Arnold",2012,702,300094370.16,9.05,Software,15610377.73,32.63,85.56,36.89,14
640530,Palmer Inc,1989,4124,97346695.65,9.32,Hardware,28162059.89,29.22,9.1,13.6,12
674479,Watkins Ltd,1995,3854,549524651.12,10.47,Consulting,22273296.45,33.43,63.68,65.54,26
363691,Wood Inc,1991,1413,94819508.31,15.3,Software,26183467.57,9.51,62.08,23.4,7
836824,Young LLC,2019,4153,384699382.23,31.02,Hardware,13667131.62,52.41,76.82,3.46,8
683429,Johnson-Morris,2017,4200,624371814.67,27.82,Networking,38129162.7,70.69,80.01,74.5,5
491730,Peters and Sons,1997,1237,915618687.02,18.95,Networking,36017480.24,97.43,71.79,95.28,5
646962,"Chandler, Reed and Blanchard",1980,2510,587336295.96,13.32,Services,13746069.48,79.64,17.33,94.01,13
376243,"Mckay, Jones and Jenkins",1997,4342,494675062.73,11.29,Networking,26229901.57,21.14,61.89,90.4,15
264488,Clark-Ellis,2017,2364,329047620.52,47.54,Hardware,17500967.39,99.4,14.27,43.04,20
346045,Cruz-Anderson,1982,3455,954100863.14,20.43,Services,33813185.4,29.54,55.01,34.03,27
965206,Burton-Thompson,1985,1155,411354238.59,1.82,Hardware,9999516.69,69.94,66.61,21.52,29
145163,Nichols-Ruiz,1995,3394,553086725.38,47.33,Consulting,44972683.75,8.41,40.0,7.74,1
438708,Sanchez-Robles,2017,3386,872867633.92,29.94,Hardware,37725266.17,48.22,59.51,15.94,14
756442,Davila-Green,2008,1989,211679872.18,3.54,Software,745266.05,67.23,34.96,55.15,14
353381,Anderson PLC,2014,4074,941380697.83,24.08,Services,18214483.1,49.89,37.22,56.84,4
710290,Mcintosh and Sons,2015,501,78894291.51,46.05,Services,48119524.69,82.12,69.23,31.66,21
170188,"Powell, Hernandez and Miller",2011,790,427492919.82,31.91,Hardware,48755447.8,76.76,89.58,71.65,14
330165,"Hernandez, Meyer and Smith",1993,4442,866439950.81,21.18,Consulting,14109064.69,10.15,97.9,73.66,21
456320,"Holden, Singleton and Villa",1982,673,11695955.67,31.02,Hardware,29229329.09,41.41,5.26,81.48,7
119906,Boyd Ltd,1998,1876,501224325.62,36.87,Software,8381059.77,3.59,95.72,10.01,2
451386,Hunt Ltd,1995,891,295396849.08,43.31,Hardware,6191000.54,15.05,3.55,8.42,28
543799,Williams-Harvey,2000,4579,381255928.1,25.2,Hardware,535622.34,52.0,64.45,54.76,8
351354,Myers-Little,2004,4051,431018857.39,0.75,Consulting,22778289.15,77.45,28.75,36.3,19
965470,"Houston, Middleton and Stevens",1994,4960,712891159.28,21.63,Services,14021923.29,48.11,26.74,73.7,16
622253,Wagner-Davis,2004,1094,395240252.82,40.18,Hardware,32657440.96,81.31,59.02,28.23,25
886429,Stone-Adkins,1984,4875,543507448.18,2.95,Software,3867972.0,0.22,2.44,26.0,15
880364,"Page, Eaton and Phillips",2004,2247,498028066.67,45.2,Consulting,40093824.78,20.72,16.76,15.34,1
662156,Stewart Inc,1982,1058,593341907.37,9.32,Hardware,39517755.5,75.82,99.86,73.7,12
625240,Byrd-Gonzales,2018,4350,516682420.91,25.63,Software,44927314.76,69.05,75.1,71.67,11
421684,"Rivas, Hanna and Johnson",1995,2210,569522886.23,1.03,Consulting,26268489.01,20.25,94.01,84.37,4
879113,Wolfe-Morales,1982,2880,314130936.67,33.3,Networking,49980619.18,12.01,34.93,85.24,22
724267,Robinson PLC,2011,3567,930698044.94,24.54,Consulting,18812936.11,54.09,56.33,25.71,16
691163,"Short, Stewart and Thomas",1983,950,879740420.31,11.44,Hardware,40651895.83,80.12,81.44,64.26,28
749392,Whitehead LLC,1994,4516,6330585.15,28.52,Software,28728880.92,43.62,23.02,23.84,6
985521,Walker Ltd,2016,3727,727289084.75,13.22,Services,14612150.57,78.38,54.47,45.86,6
968965,Obrien-Cox,1990,1880,230675247.98,8.3,Services,26750789.06,43.69,4.46,27.27,22
613951,Porter Inc,2006,1510,908126038.91,2.57,Networking,6607864.2,59.81,40.93,58.44,8
680410,"Hudson, Farmer and Nguyen",1997,4878,821112580.94,44.15,Hardware,13067497.22,68.12,90.14,16.65,18
587320,"Dean, Scott and Suarez",1994,907,670376245.55,41.56,Hardware,20101272.89,62.28,28.94,11.04,22
208885,Gonzales Inc,1982,286,890339782.58,45.22,Services,8846641.14,34.07,21.97,75.92,29
779796,Brown Ltd,1994,1116,3611799.21,33.11,Services,31134947.01,12.07,61.95,98.51,13
826600,Turner-Fritz,1984,1289,220641389.11,7.67,Consulting,7739246.5,94.45,75.86,46.06,17
326661,"Moore, Shepherd and Garner",1995,3052,847145838.32,16.38,Software,34051453.82,13.13,67.02,6.77,8
567141,Harrell-Morris,1988,3726,678040241.99,34.14,Services,28175230.03,92.62,0.38,93.28,13
194406,"Burke, Allen and Li",1999,4688,60117541.21,5.51,Software,31538550.41,83.52,15.78,35.42,13
784408,Watson-Kelley,1989,822,50798968.81,16.06,Services,46400985.97,22.89,79.74,6.78,21
702725,Gonzalez Group,2002,74,264687184.81,40.78,Software,16441198.43,96.26,36.2,92.59,28
318535,"Scott, Owen and Miller",2006,3945,427503246.45,10.6,Consulting,5606499.24,68.46,45.29,77.56,28
188127,Taylor-Cortez,2013,366,411646520.85,44.13,Services,45686849.5,29.65,72.74,15.59,7
555804,"Moreno, Bridges and Lawrence",1990,2312,53628442.06,8.62,Consulting,11122461.63,54.17,37.82,55.78,27
